ID,Unclassified,p__Actinobacteria,p__Bacteroidetes,p__Chloroflexi,p__Cyanobacteria,p__Deferribacteres,p__Elusimicrobia,p__Euryarchaeota,p__Fibrobacteres,p__Firmicutes,p__Fusobacteria,p__GN02,p__Lentisphaerae,p__OD1,p__Planctomycetes,p__Proteobacteria,p__SR1,p__Spirochaetes,p__Synergistetes,p__TM7,p__Tenericutes,p__Verrucomicrobia,p__WPS-2,p__[Thermi]
T1-B002LA,0.0,3331.0,7392.0,0.0,0.0,0.0,0.0,3.0,0.0,18837.0,599.0,0.0,0.0,0.0,0.0,7704.0,11.0,71.0,14.0,33.0,7.0,5.0,0.0,0.0
T1-B006TR,0.0,370.0,1311.0,0.0,0.0,0.0,0.0,0.0,0.0,1896.0,176.0,0.0,0.0,0.0,0.0,384.0,2.0,3.0,2.0,0.0,0.0,2.0,0.0,0.0
T1-B009HM,0.0,4725.0,6946.0,0.0,0.0,0.0,0.0,0.0,0.0,25087.0,212.0,0.0,0.0,0.0,0.0,1502.0,0.0,44.0,25.0,0.0,0.0,17.0,0.0,0.0
T1-B010SF,3.0,1438.0,7940.0,0.0,2.0,0.0,0.0,0.0,0.0,11924.0,775.0,0.0,0.0,0.0,0.0,1272.0,5.0,20.0,10.0,19.0,4.0,16.0,0.0,0.0
T2-B010SF,5.0,484.0,1942.0,0.0,0.0,0.0,0.0,0.0,0.0,6771.0,607.0,0.0,0.0,0.0,0.0,1438.0,0.0,131.0,30.0,0.0,10.0,7.0,0.0,0.0
T1-B011SY,0.0,1106.0,5968.0,0.0,0.0,0.0,0.0,0.0,0.0,7045.0,167.0,0.0,0.0,0.0,0.0,679.0,0.0,8.0,2.0,12.0,0.0,3.0,0.0,0.0
T2-B011SY,7.0,1655.0,3036.0,0.0,0.0,0.0,0.0,0.0,0.0,10155.0,747.0,0.0,0.0,0.0,0.0,1984.0,2.0,63.0,36.0,0.0,0.0,0.0,0.0,0.0
T1-B012YK,0.0,997.0,1243.0,0.0,0.0,0.0,0.0,0.0,0.0,7045.0,581.0,0.0,0.0,0.0,0.0,861.0,8.0,6.0,5.0,0.0,6.0,0.0,0.0,0.0
T1-B013HN,0.0,743.0,2357.0,0.0,0.0,0.0,0.0,0.0,0.0,3310.0,625.0,0.0,0.0,0.0,0.0,495.0,35.0,14.0,3.0,4.0,9.0,2.0,0.0,0.0
T2-B013HN,48.0,1277.0,10124.0,0.0,22.0,16.0,0.0,46.0,0.0,13126.0,31.0,0.0,0.0,0.0,0.0,1904.0,0.0,0.0,13.0,0.0,30.0,3900.0,0.0,0.0
T2-B014ML,2.0,706.0,2781.0,0.0,0.0,0.0,0.0,0.0,0.0,4850.0,332.0,0.0,0.0,0.0,0.0,786.0,3.0,147.0,28.0,0.0,8.0,27.0,0.0,0.0
T2-B015SZ,0.0,904.0,2076.0,0.0,0.0,0.0,0.0,0.0,0.0,13788.0,856.0,0.0,0.0,0.0,0.0,1271.0,12.0,67.0,0.0,0.0,0.0,5.0,0.0,0.0
T1-B016RN,2.0,3292.0,10669.0,0.0,0.0,0.0,0.0,0.0,0.0,43483.0,1580.0,0.0,0.0,0.0,0.0,1013.0,2.0,92.0,151.0,7.0,0.0,3.0,0.0,0.0
T1-B017MT,8.0,1320.0,8719.0,0.0,0.0,0.0,0.0,0.0,0.0,24748.0,1624.0,0.0,0.0,0.0,0.0,11350.0,91.0,41.0,16.0,0.0,3.0,4.0,0.0,0.0
T1-B018DB,6.0,757.0,4876.0,0.0,0.0,0.0,0.0,0.0,0.0,9795.0,1204.0,0.0,0.0,0.0,0.0,3320.0,5.0,1118.0,635.0,2.0,40.0,8.0,0.0,0.0
T1-B019AV,8.0,684.0,4326.0,3.0,0.0,0.0,0.0,0.0,0.0,24504.0,925.0,2.0,0.0,0.0,0.0,14054.0,4.0,271.0,107.0,0.0,16.0,3.0,0.0,0.0
T1-B020MS,4.0,322.0,9093.0,0.0,0.0,0.0,0.0,0.0,0.0,19224.0,1802.0,0.0,0.0,0.0,0.0,10927.0,1029.0,0.0,0.0,46.0,0.0,4.0,0.0,0.0
T2-B2002LV,30.0,257.0,9174.0,0.0,0.0,0.0,0.0,0.0,0.0,11297.0,972.0,0.0,0.0,0.0,0.0,4508.0,35.0,1205.0,132.0,0.0,42.0,0.0,0.0,0.0
T2-B2003YB,7.0,522.0,3752.0,0.0,0.0,0.0,0.0,0.0,0.0,5758.0,1203.0,0.0,0.0,0.0,0.0,987.0,78.0,1338.0,256.0,0.0,9.0,20.0,0.0,0.0
T2-B2004OM,117.0,589.0,2975.0,4.0,0.0,0.0,0.0,0.0,0.0,27139.0,13167.0,18.0,0.0,0.0,0.0,1855.0,15.0,1325.0,163.0,0.0,228.0,11.0,0.0,0.0
T2-B2005SM,2.0,664.0,5397.0,0.0,0.0,0.0,0.0,3.0,0.0,9972.0,238.0,0.0,0.0,0.0,0.0,331.0,0.0,230.0,5.0,0.0,0.0,0.0,0.0,0.0
T2-B2007OL,0.0,611.0,5559.0,0.0,0.0,0.0,0.0,2.0,0.0,11448.0,485.0,0.0,0.0,0.0,0.0,2111.0,0.0,22.0,24.0,6.0,0.0,4.0,0.0,0.0
T2-B2010IN,6.0,1207.0,4324.0,0.0,0.0,0.0,0.0,10.0,0.0,9113.0,820.0,0.0,0.0,0.0,0.0,906.0,14.0,317.0,99.0,0.0,0.0,19.0,0.0,0.0
T2-B2011MN,0.0,1398.0,4245.0,0.0,0.0,0.0,0.0,0.0,0.0,7756.0,893.0,0.0,0.0,0.0,0.0,452.0,8.0,57.0,21.0,0.0,0.0,8.0,0.0,0.0
T2-B2012MV,0.0,244.0,1154.0,0.0,3.0,0.0,0.0,6.0,0.0,2465.0,119.0,0.0,0.0,0.0,0.0,172.0,3.0,0.0,5.0,0.0,0.0,40.0,0.0,0.0
T2-B2013ND,19.0,357.0,2645.0,0.0,0.0,0.0,0.0,0.0,0.0,4992.0,580.0,0.0,0.0,0.0,0.0,563.0,106.0,757.0,163.0,0.0,31.0,2.0,0.0,0.0
T2-B2014HE,6.0,1406.0,6991.0,0.0,0.0,0.0,0.0,0.0,0.0,11590.0,571.0,0.0,0.0,0.0,0.0,3327.0,10.0,185.0,21.0,8.0,3.0,0.0,0.0,0.0
T2-B2015AT,5.0,1477.0,2968.0,0.0,0.0,0.0,0.0,0.0,0.0,9563.0,822.0,0.0,0.0,0.0,0.0,2427.0,11.0,218.0,49.0,0.0,69.0,2.0,0.0,0.0
T2-B2020LM,16.0,160.0,7792.0,2.0,0.0,0.0,0.0,0.0,0.0,6100.0,2354.0,0.0,0.0,0.0,0.0,2201.0,513.0,284.0,31.0,5.0,46.0,0.0,0.0,0.0
T2-B2022AK,17.0,2074.0,9923.0,2.0,0.0,0.0,0.0,0.0,0.0,11629.0,941.0,0.0,0.0,0.0,0.0,3329.0,49.0,385.0,190.0,0.0,18.0,9.0,0.0,0.0
T2-B2023SY,9.0,408.0,15632.0,0.0,0.0,0.0,0.0,0.0,0.0,14606.0,1569.0,0.0,0.0,0.0,0.0,572.0,523.0,238.0,0.0,15.0,117.0,0.0,0.0,0.0
T2-B2025HD,3.0,178.0,504.0,0.0,0.0,0.0,0.0,0.0,0.0,867.0,188.0,0.0,0.0,0.0,0.0,369.0,0.0,166.0,8.0,0.0,9.0,4.0,0.0,0.0
T2-B2029RE,0.0,611.0,2248.0,0.0,0.0,0.0,0.0,0.0,0.0,6270.0,365.0,0.0,0.0,0.0,0.0,2960.0,710.0,9.0,0.0,6.0,0.0,0.0,0.0,0.0
T2-B2030RM,5.0,128.0,2205.0,0.0,0.0,0.0,0.0,0.0,0.0,8357.0,658.0,0.0,0.0,0.0,0.0,651.0,8.0,54.0,36.0,0.0,0.0,0.0,0.0,0.0
T2-B2031EB,3.0,1324.0,5784.0,0.0,0.0,0.0,0.0,0.0,0.0,16738.0,923.0,0.0,0.0,0.0,0.0,1516.0,0.0,33.0,15.0,5.0,0.0,0.0,0.0,0.0
T2-B2033YZ,0.0,382.0,1053.0,0.0,0.0,0.0,0.0,2.0,0.0,4383.0,175.0,0.0,0.0,0.0,0.0,316.0,0.0,5.0,0.0,0.0,0.0,0.0,0.0,0.0
T2-B2035LH,0.0,683.0,1245.0,0.0,0.0,0.0,0.0,0.0,0.0,3850.0,440.0,0.0,0.0,0.0,0.0,3092.0,7.0,69.0,49.0,0.0,0.0,0.0,0.0,0.0
T2-B2037SMH,0.0,345.0,1033.0,0.0,0.0,0.0,0.0,0.0,0.0,1402.0,140.0,0.0,0.0,0.0,0.0,119.0,0.0,25.0,36.0,0.0,5.0,14.0,0.0,0.0
T2-B2039CA,2.0,3085.0,6527.0,0.0,17.0,0.0,0.0,0.0,0.0,15516.0,1732.0,0.0,0.0,0.0,0.0,5764.0,6.0,48.0,15.0,7.0,0.0,40.0,0.0,0.0
T2-B2040SE,0.0,1123.0,3164.0,0.0,0.0,0.0,0.0,0.0,0.0,4320.0,404.0,0.0,0.0,0.0,0.0,454.0,0.0,140.0,48.0,6.0,0.0,0.0,0.0,0.0
T2-B2041BM,0.0,341.0,655.0,0.0,0.0,0.0,0.0,28.0,0.0,1580.0,0.0,0.0,0.0,0.0,0.0,12.0,0.0,0.0,0.0,0.0,0.0,34.0,0.0,0.0
T1-B2043RT,9.0,3035.0,7145.0,0.0,17.0,0.0,0.0,0.0,0.0,17274.0,709.0,0.0,2.0,0.0,0.0,2372.0,3.0,120.0,48.0,0.0,25.0,31.0,0.0,0.0
T2-B2043RT,0.0,1587.0,10627.0,0.0,0.0,0.0,0.0,0.0,0.0,11942.0,975.0,0.0,0.0,0.0,0.0,2687.0,0.0,0.0,12.0,0.0,0.0,0.0,0.0,0.0
T2-B2044YZ,7.0,872.0,3688.0,0.0,0.0,0.0,0.0,0.0,0.0,10935.0,1230.0,4.0,0.0,0.0,0.0,5244.0,13.0,174.0,103.0,0.0,12.0,10.0,0.0,0.0
T2-BS004KC,13.0,1338.0,3234.0,0.0,0.0,0.0,0.0,0.0,0.0,14520.0,2935.0,0.0,0.0,0.0,0.0,12741.0,94.0,515.0,105.0,5.0,4.0,0.0,0.0,0.0
T2-BS006RD,2.0,1476.0,3186.0,0.0,0.0,0.0,0.0,14.0,0.0,8457.0,321.0,0.0,0.0,0.0,0.0,2289.0,49.0,16.0,2.0,0.0,2.0,180.0,0.0,0.0
T2-BS007YA,23.0,1492.0,1540.0,0.0,4.0,0.0,0.0,9.0,0.0,9906.0,366.0,0.0,0.0,0.0,0.0,2377.0,5.0,87.0,48.0,0.0,8.0,1358.0,0.0,0.0
T2-BS008CL,2.0,421.0,1240.0,0.0,0.0,0.0,0.0,0.0,0.0,3432.0,696.0,0.0,0.0,0.0,0.0,799.0,0.0,75.0,11.0,0.0,0.0,0.0,0.0,0.0
T2-BS014LD,7.0,1242.0,6597.0,0.0,0.0,0.0,0.0,0.0,0.0,22785.0,945.0,0.0,0.0,0.0,0.0,6191.0,13.0,324.0,69.0,10.0,8.0,0.0,0.0,0.0
T2-BS015CB,0.0,903.0,4568.0,0.0,0.0,0.0,0.0,0.0,0.0,12616.0,3086.0,0.0,0.0,0.0,0.0,4424.0,0.0,331.0,243.0,0.0,8.0,3.0,0.0,0.0
T1-C001LK,0.0,1814.0,2329.0,0.0,0.0,0.0,0.0,0.0,0.0,12037.0,242.0,0.0,0.0,0.0,0.0,724.0,3.0,7.0,11.0,0.0,2.0,0.0,0.0,0.0
T2-C001LK,108.0,3150.0,14811.0,0.0,9.0,12.0,0.0,60.0,0.0,15731.0,1019.0,0.0,0.0,0.0,0.0,1654.0,28.0,191.0,18.0,0.0,32.0,801.0,0.0,0.0
T2-C002SA,0.0,1498.0,6298.0,0.0,0.0,0.0,0.0,0.0,0.0,15794.0,747.0,0.0,0.0,0.0,0.0,3380.0,0.0,30.0,14.0,0.0,0.0,2.0,0.0,0.0
T1-C003ML,0.0,121.0,4169.0,0.0,0.0,0.0,0.0,0.0,0.0,7901.0,63.0,0.0,0.0,0.0,0.0,304.0,0.0,32.0,11.0,0.0,0.0,0.0,0.0,0.0
T2-C004DK,0.0,448.0,1432.0,0.0,0.0,0.0,0.0,0.0,0.0,4701.0,475.0,0.0,0.0,0.0,0.0,842.0,0.0,55.0,16.0,0.0,0.0,5.0,0.0,0.0
T1-C005TO,0.0,226.0,719.0,0.0,0.0,0.0,0.0,0.0,0.0,1853.0,92.0,0.0,0.0,0.0,0.0,233.0,3.0,26.0,9.0,0.0,0.0,129.0,0.0,0.0
T2-C007TO,0.0,1168.0,5621.0,0.0,21.0,5.0,0.0,0.0,0.0,11079.0,1212.0,0.0,0.0,0.0,0.0,2203.0,4.0,238.0,20.0,0.0,0.0,21.0,0.0,0.0
T2-C010LV,42.0,2042.0,8588.0,0.0,11.0,12.0,0.0,13.0,0.0,13074.0,1001.0,5.0,0.0,0.0,0.0,7800.0,18.0,158.0,34.0,0.0,25.0,149.0,0.0,0.0
T2-C011NK,171.0,2893.0,15657.0,0.0,21.0,37.0,0.0,29.0,0.0,15779.0,225.0,0.0,0.0,0.0,0.0,2850.0,0.0,2.0,2.0,2.0,77.0,1460.0,0.0,0.0
T1-C014LS,4.0,1887.0,9076.0,0.0,0.0,0.0,0.0,0.0,0.0,15984.0,584.0,0.0,0.0,0.0,0.0,363.0,4.0,142.0,27.0,29.0,0.0,0.0,0.0,0.0
T1-C015LF,4.0,305.0,8222.0,0.0,0.0,0.0,0.0,0.0,0.0,7870.0,1583.0,0.0,0.0,0.0,0.0,865.0,72.0,116.0,35.0,28.0,10.0,0.0,0.0,0.0
T1-C016SK,0.0,231.0,4325.0,0.0,0.0,0.0,0.0,4.0,0.0,5791.0,600.0,0.0,0.0,2.0,0.0,366.0,13.0,315.0,27.0,0.0,10.0,77.0,0.0,0.0
T1-C019CD,0.0,828.0,1193.0,0.0,0.0,0.0,0.0,0.0,0.0,6328.0,343.0,0.0,0.0,0.0,0.0,756.0,0.0,4.0,0.0,0.0,0.0,0.0,0.0,0.0
T1-C020IV,0.0,464.0,875.0,0.0,0.0,0.0,0.0,3.0,0.0,3064.0,202.0,0.0,0.0,0.0,0.0,136.0,0.0,3.0,0.0,0.0,0.0,6.0,0.0,0.0
T2-C020IV,0.0,1533.0,12393.0,0.0,3.0,0.0,0.0,4.0,0.0,14497.0,596.0,0.0,0.0,0.0,0.0,968.0,5.0,5.0,0.0,8.0,0.0,13.0,0.0,0.0
T1-C021HZ,3.0,964.0,17229.0,0.0,0.0,0.0,0.0,0.0,0.0,13309.0,763.0,0.0,0.0,0.0,0.0,9508.0,25.0,10.0,0.0,17.0,2.0,0.0,0.0,0.0
T1-C022DY,7.0,711.0,18944.0,0.0,0.0,0.0,0.0,0.0,0.0,12563.0,1123.0,0.0,0.0,0.0,0.0,4663.0,10.0,99.0,13.0,13.0,27.0,0.0,0.0,0.0
T1-C025DN,2.0,1074.0,5620.0,0.0,0.0,0.0,0.0,3.0,0.0,11052.0,750.0,0.0,0.0,0.0,0.0,2659.0,73.0,54.0,5.0,15.0,0.0,0.0,0.0,0.0
T1-C026NG,0.0,510.0,8390.0,0.0,0.0,0.0,0.0,0.0,0.0,7591.0,363.0,2.0,0.0,0.0,0.0,443.0,69.0,37.0,0.0,3.0,0.0,0.0,0.0,0.0
T1-C027EM,4.0,1928.0,4584.0,0.0,10.0,5.0,0.0,7.0,0.0,9868.0,19.0,0.0,30.0,0.0,0.0,1206.0,0.0,6.0,3.0,0.0,13.0,737.0,0.0,0.0
T2-C028KK,14.0,592.0,3396.0,0.0,8.0,0.0,0.0,0.0,0.0,8005.0,767.0,0.0,0.0,0.0,0.0,688.0,6.0,135.0,32.0,0.0,0.0,105.0,0.0,0.0
T1-C029GS,12.0,2668.0,10928.0,0.0,3.0,42.0,0.0,16.0,0.0,15274.0,17.0,0.0,137.0,0.0,0.0,1840.0,0.0,0.0,7.0,0.0,23.0,589.0,0.0,0.0
T1-C030MO,74.0,3361.0,26539.0,0.0,20.0,19.0,0.0,173.0,0.0,25350.0,1435.0,0.0,0.0,0.0,0.0,3690.0,9.0,86.0,98.0,6.0,60.0,2831.0,0.0,0.0
T1-C031SG,2.0,1638.0,17411.0,0.0,0.0,0.0,0.0,0.0,0.0,17134.0,800.0,0.0,0.0,0.0,0.0,359.0,3.0,27.0,9.0,8.0,0.0,5.0,0.0,0.0
T1-C033HB,3.0,1153.0,11462.0,0.0,0.0,0.0,0.0,0.0,0.0,13307.0,1224.0,0.0,0.0,0.0,0.0,262.0,0.0,78.0,10.0,0.0,0.0,2.0,0.0,0.0
T2-C033HB,26.0,1087.0,10785.0,0.0,0.0,0.0,0.0,0.0,0.0,18843.0,2506.0,0.0,0.0,0.0,0.0,991.0,3.0,272.0,76.0,0.0,22.0,35.0,0.0,0.0
T1-C034SN,55.0,2957.0,8017.0,0.0,21.0,9.0,0.0,782.0,0.0,16781.0,133.0,0.0,0.0,0.0,0.0,1977.0,12.0,3.0,7.0,5.0,5.0,1036.0,0.0,0.0
T2-H001EA,5.0,1357.0,6037.0,0.0,0.0,0.0,0.0,0.0,0.0,17588.0,529.0,0.0,0.0,0.0,0.0,1227.0,22.0,229.0,42.0,2.0,7.0,11.0,0.0,0.0
T1-H003IA,0.0,374.0,266.0,0.0,0.0,0.0,0.0,0.0,0.0,4283.0,20.0,0.0,0.0,0.0,0.0,979.0,0.0,4.0,0.0,0.0,0.0,10.0,0.0,0.0
T1-H004RA,0.0,437.0,6944.0,0.0,0.0,0.0,0.0,0.0,0.0,8593.0,685.0,0.0,0.0,0.0,0.0,465.0,18.0,7.0,0.0,3.0,2.0,4.0,0.0,0.0
T1-H005MI,15.0,954.0,7683.0,0.0,0.0,0.0,0.0,0.0,0.0,14741.0,1326.0,0.0,0.0,0.0,0.0,1232.0,0.0,277.0,30.0,0.0,3.0,2.0,0.0,0.0
T2-H005MI,38.0,122.0,13230.0,0.0,0.0,0.0,2.0,0.0,0.0,13154.0,2388.0,6.0,0.0,0.0,0.0,3012.0,77.0,753.0,11.0,0.0,18.0,0.0,0.0,0.0
T1-H011AA,39.0,132.0,5935.0,0.0,0.0,0.0,0.0,0.0,0.0,10003.0,3558.0,0.0,0.0,0.0,0.0,4256.0,6.0,1003.0,201.0,4.0,81.0,0.0,0.0,0.0
T2-H012DK,19.0,3083.0,7665.0,0.0,0.0,0.0,0.0,0.0,0.0,10964.0,498.0,0.0,0.0,0.0,0.0,1867.0,25.0,32.0,12.0,16.0,0.0,0.0,0.0,0.0
T1-H013RD,3.0,353.0,10626.0,0.0,0.0,0.0,0.0,0.0,0.0,13481.0,917.0,0.0,0.0,0.0,0.0,596.0,10.0,8.0,0.0,0.0,0.0,4.0,0.0,0.0
T2-H016TT,57.0,572.0,4039.0,0.0,0.0,0.0,0.0,0.0,0.0,4176.0,1751.0,0.0,0.0,0.0,0.0,1248.0,0.0,1105.0,274.0,0.0,53.0,15.0,0.0,0.0
T1-H017LH,34.0,316.0,5373.0,3.0,0.0,0.0,0.0,0.0,0.0,4055.0,949.0,0.0,0.0,0.0,0.0,1499.0,127.0,1983.0,232.0,0.0,110.0,0.0,0.0,0.0
T2-H020LZ,10.0,554.0,6973.0,0.0,0.0,0.0,0.0,5.0,0.0,32217.0,6632.0,0.0,0.0,0.0,0.0,8850.0,33.0,41.0,7.0,6.0,4.0,0.0,0.0,0.0
T1-H021AH,2.0,1051.0,9628.0,8.0,0.0,0.0,0.0,0.0,0.0,10929.0,823.0,0.0,0.0,0.0,0.0,747.0,22.0,329.0,60.0,0.0,13.0,5.0,0.0,0.0
T2-H021AH,0.0,410.0,842.0,0.0,0.0,0.0,0.0,0.0,0.0,3115.0,71.0,0.0,0.0,0.0,0.0,32.0,9.0,105.0,14.0,0.0,19.0,38.0,0.0,0.0
T1-H023DS,8.0,67.0,5635.0,0.0,0.0,0.0,0.0,0.0,0.0,5926.0,2611.0,0.0,0.0,0.0,0.0,1597.0,177.0,38.0,0.0,0.0,7.0,0.0,0.0,0.0
T1-H025HS,0.0,212.0,3661.0,0.0,0.0,0.0,0.0,0.0,0.0,3315.0,1343.0,0.0,0.0,0.0,0.0,2504.0,173.0,662.0,115.0,0.0,9.0,3.0,0.0,0.0
T2-H026SD,0.0,510.0,2149.0,0.0,0.0,0.0,0.0,15.0,0.0,5454.0,1179.0,0.0,0.0,0.0,0.0,2383.0,5.0,182.0,24.0,0.0,12.0,55.0,0.0,0.0
T2-H027HB,3.0,1213.0,14738.0,0.0,0.0,0.0,0.0,0.0,0.0,26229.0,1132.0,0.0,0.0,0.0,0.0,3854.0,6.0,210.0,107.0,31.0,10.0,3.0,0.0,0.0
T1-H029PT,4.0,750.0,4249.0,0.0,0.0,0.0,0.0,0.0,0.0,5436.0,521.0,0.0,0.0,0.0,0.0,2157.0,18.0,97.0,16.0,0.0,2.0,0.0,0.0,0.0
T1-H032OP,12.0,7.0,1642.0,0.0,0.0,0.0,0.0,0.0,0.0,1768.0,211.0,0.0,0.0,0.0,0.0,180.0,10.0,171.0,0.0,0.0,8.0,0.0,0.0,0.0
T1-H034LA,0.0,236.0,1258.0,0.0,0.0,0.0,0.0,4.0,0.0,3613.0,374.0,0.0,0.0,0.0,0.0,1473.0,49.0,43.0,7.0,0.0,0.0,2.0,0.0,0.0
T1-H035RM,6.0,349.0,1208.0,0.0,0.0,0.0,0.0,0.0,0.0,2750.0,323.0,0.0,0.0,0.0,0.0,527.0,7.0,130.0,41.0,0.0,2.0,2.0,0.0,0.0
T1-H036OB,6.0,836.0,5318.0,0.0,0.0,0.0,0.0,12.0,0.0,10417.0,321.0,0.0,0.0,0.0,0.0,1666.0,36.0,34.0,4.0,0.0,2.0,67.0,0.0,0.0
T1-H037RM,4.0,704.0,5516.0,0.0,0.0,0.0,0.0,0.0,0.0,7280.0,160.0,0.0,0.0,0.0,0.0,165.0,0.0,7.0,0.0,9.0,3.0,2.0,0.0,0.0
T2-H037RM,5.0,1777.0,18037.0,0.0,0.0,0.0,0.0,0.0,0.0,19260.0,243.0,0.0,0.0,0.0,0.0,236.0,3.0,164.0,51.0,18.0,21.0,0.0,0.0,0.0
T1-H038DA,31.0,1979.0,19000.0,0.0,0.0,0.0,0.0,4.0,0.0,31085.0,1709.0,0.0,0.0,0.0,0.0,2672.0,91.0,869.0,188.0,12.0,35.0,28.0,0.0,0.0
T1-H041MA,0.0,339.0,1950.0,0.0,0.0,0.0,0.0,0.0,0.0,2526.0,79.0,0.0,0.0,0.0,0.0,118.0,0.0,26.0,18.0,0.0,0.0,9.0,0.0,0.0
T1-H043EI,20.0,1534.0,4458.0,0.0,0.0,0.0,0.0,0.0,0.0,9182.0,1494.0,0.0,0.0,0.0,0.0,2971.0,34.0,36.0,8.0,12.0,0.0,11.0,0.0,0.0
T1-H045RS,4.0,625.0,706.0,0.0,0.0,0.0,0.0,0.0,0.0,1869.0,404.0,0.0,0.0,0.0,0.0,964.0,8.0,32.0,29.0,4.0,7.0,2.0,0.0,0.0
T1-H046SK,4.0,860.0,2502.0,0.0,0.0,0.0,0.0,0.0,0.0,4607.0,789.0,0.0,0.0,0.0,0.0,3024.0,2.0,138.0,55.0,0.0,0.0,8.0,0.0,0.0
T2-H048OA,120.0,707.0,7470.0,0.0,0.0,0.0,0.0,0.0,0.0,15234.0,3247.0,2.0,0.0,0.0,0.0,20793.0,252.0,278.0,33.0,2.0,55.0,0.0,0.0,0.0
T1-H049LH,4.0,637.0,7455.0,0.0,0.0,0.0,0.0,0.0,0.0,3875.0,457.0,0.0,0.0,0.0,0.0,506.0,7.0,84.0,5.0,0.0,0.0,6.0,0.0,0.0
T2-H049LH,38.0,801.0,15249.0,0.0,0.0,0.0,0.0,0.0,0.0,19648.0,2275.0,0.0,0.0,0.0,0.0,3799.0,20.0,497.0,27.0,8.0,43.0,0.0,0.0,0.0
T1-H051TZ,2.0,257.0,1334.0,0.0,0.0,0.0,0.0,12.0,0.0,2869.0,119.0,0.0,0.0,0.0,0.0,405.0,0.0,15.0,5.0,0.0,0.0,6.0,0.0,0.0
T1-H054RB,6.0,164.0,749.0,0.0,0.0,0.0,0.0,0.0,0.0,1541.0,121.0,0.0,0.0,0.0,0.0,149.0,0.0,104.0,17.0,0.0,4.0,13.0,0.0,0.0
T1-H055SA,6.0,886.0,3124.0,0.0,0.0,0.0,0.0,2.0,0.0,8538.0,492.0,0.0,0.0,0.0,0.0,1621.0,4.0,27.0,6.0,0.0,0.0,45.0,0.0,0.0
T1-H056KL,0.0,357.0,736.0,0.0,0.0,0.0,0.0,0.0,0.0,1718.0,89.0,0.0,0.0,0.0,0.0,678.0,4.0,0.0,6.0,0.0,0.0,8.0,0.0,0.0
T2-H056KL,2.0,309.0,1470.0,0.0,0.0,0.0,0.0,0.0,0.0,3658.0,393.0,0.0,0.0,0.0,0.0,542.0,0.0,30.0,62.0,0.0,3.0,10.0,0.0,0.0
T1-H058SB,3.0,1270.0,2581.0,0.0,0.0,0.0,0.0,0.0,0.0,5223.0,371.0,0.0,0.0,0.0,0.0,3271.0,11.0,7.0,27.0,0.0,0.0,13.0,0.0,0.0
T1-H059DO,3.0,1479.0,11162.0,0.0,0.0,0.0,0.0,0.0,0.0,10058.0,1745.0,0.0,0.0,0.0,0.0,4631.0,384.0,36.0,4.0,9.0,10.0,0.0,0.0,0.0
T2-H059DO,2.0,550.0,5173.0,0.0,0.0,0.0,0.0,0.0,0.0,8071.0,697.0,0.0,0.0,0.0,0.0,2625.0,77.0,33.0,0.0,30.0,0.0,0.0,0.0,0.0
T1-H061RN,9.0,2871.0,21171.0,0.0,0.0,0.0,0.0,0.0,0.0,14108.0,673.0,0.0,0.0,0.0,0.0,2079.0,6.0,175.0,82.0,10.0,3.0,11.0,0.0,0.0
T1-H064RK,9.0,834.0,24163.0,2.0,0.0,0.0,0.0,0.0,0.0,21044.0,3548.0,0.0,0.0,0.0,0.0,2677.0,102.0,346.0,32.0,5.0,85.0,6.0,0.0,0.0
T1-H065MB,0.0,1068.0,17642.0,0.0,0.0,0.0,0.0,0.0,0.0,9971.0,219.0,0.0,0.0,0.0,0.0,192.0,0.0,269.0,5.0,18.0,4.0,0.0,0.0,0.0
T1-H066DM,18.0,3034.0,9018.0,0.0,0.0,0.0,0.0,4.0,0.0,20871.0,672.0,0.0,0.0,0.0,0.0,841.0,0.0,1386.0,287.0,23.0,116.0,0.0,0.0,0.0
T1-H067EL,0.0,2505.0,36512.0,0.0,0.0,0.0,0.0,0.0,0.0,38063.0,1249.0,0.0,0.0,0.0,0.0,3526.0,6.0,1385.0,77.0,53.0,9.0,0.0,0.0,0.0
T1-H069MT,31.0,145.0,3321.0,0.0,0.0,0.0,0.0,81.0,0.0,7181.0,3820.0,0.0,0.0,0.0,0.0,2086.0,27.0,1024.0,221.0,0.0,63.0,0.0,0.0,0.0
T2-H069MT,14.0,40.0,4618.0,0.0,0.0,0.0,0.0,0.0,0.0,4693.0,756.0,0.0,0.0,0.0,0.0,1345.0,30.0,30.0,9.0,0.0,5.0,6.0,0.0,0.0
T1-H071NA,19.0,877.0,12552.0,0.0,0.0,0.0,0.0,6.0,0.0,19656.0,612.0,0.0,0.0,0.0,0.0,482.0,74.0,642.0,50.0,0.0,89.0,13.0,0.0,0.0
T1-H072AO,26.0,665.0,2512.0,0.0,0.0,0.0,0.0,0.0,0.0,6536.0,2247.0,0.0,0.0,0.0,0.0,3002.0,230.0,222.0,110.0,0.0,42.0,8.0,0.0,0.0
T1-H073RGL,2.0,172.0,281.0,0.0,0.0,0.0,0.0,0.0,0.0,912.0,129.0,0.0,0.0,0.0,0.0,586.0,0.0,7.0,0.0,0.0,4.0,0.0,0.0,0.0
T1-H075YT,0.0,226.0,4530.0,0.0,0.0,0.0,0.0,0.0,0.0,7336.0,243.0,0.0,0.0,0.0,0.0,193.0,3.0,28.0,12.0,0.0,4.0,5.0,0.0,0.0
T2-H076RA,0.0,488.0,367.0,0.0,0.0,0.0,0.0,0.0,0.0,3663.0,243.0,0.0,0.0,0.0,0.0,2538.0,2.0,15.0,5.0,0.0,0.0,3.0,0.0,0.0
T1-H077RO,3.0,1181.0,6442.0,0.0,0.0,0.0,0.0,0.0,0.0,6919.0,391.0,0.0,0.0,0.0,0.0,243.0,0.0,41.0,10.0,0.0,9.0,0.0,0.0,0.0
T2-H077RO,0.0,645.0,2708.0,0.0,0.0,0.0,0.0,0.0,0.0,6075.0,467.0,0.0,0.0,0.0,0.0,214.0,0.0,64.0,0.0,0.0,9.0,0.0,0.0,0.0
T1-H078LR,28.0,1065.0,7072.0,0.0,0.0,0.0,0.0,0.0,0.0,9597.0,1150.0,0.0,0.0,0.0,0.0,2026.0,165.0,590.0,53.0,0.0,4.0,8.0,0.0,0.0
T2-H078LR,3.0,2179.0,15707.0,0.0,0.0,0.0,0.0,0.0,0.0,13331.0,1263.0,0.0,0.0,0.0,0.0,343.0,512.0,271.0,8.0,34.0,47.0,0.0,0.0,0.0
T2-H079NG,0.0,440.0,3528.0,0.0,0.0,0.0,0.0,0.0,0.0,5195.0,106.0,0.0,0.0,0.0,0.0,95.0,0.0,3.0,0.0,0.0,0.0,3.0,0.0,0.0
T1-H082LS,7.0,2887.0,15594.0,0.0,0.0,0.0,0.0,0.0,0.0,17167.0,1057.0,0.0,0.0,0.0,0.0,1191.0,2.0,52.0,5.0,29.0,3.0,0.0,0.0,0.0
T1-H083BG,3.0,146.0,547.0,0.0,0.0,0.0,0.0,0.0,0.0,1182.0,246.0,0.0,0.0,0.0,0.0,765.0,14.0,116.0,31.0,0.0,0.0,0.0,0.0,0.0
T1-H084NBD,0.0,984.0,2189.0,0.0,0.0,0.0,0.0,0.0,0.0,4550.0,160.0,0.0,0.0,0.0,0.0,181.0,0.0,0.0,2.0,0.0,0.0,14.0,0.0,0.0
T2-H084NBD,14.0,529.0,919.0,0.0,5.0,3.0,0.0,13.0,0.0,2048.0,65.0,0.0,0.0,0.0,0.0,288.0,3.0,12.0,2.0,0.0,3.0,99.0,0.0,0.0
T1-H085MM,4.0,1317.0,1300.0,0.0,0.0,0.0,0.0,0.0,0.0,7692.0,336.0,0.0,0.0,0.0,0.0,4749.0,0.0,37.0,7.0,0.0,0.0,9.0,0.0,0.0
T1-H088LAT,10.0,737.0,763.0,0.0,0.0,0.0,0.0,0.0,0.0,3528.0,290.0,0.0,0.0,0.0,0.0,2067.0,0.0,98.0,90.0,0.0,0.0,3.0,0.0,0.0
T1-H089AG,0.0,704.0,10535.0,0.0,0.0,0.0,0.0,0.0,0.0,28810.0,1577.0,0.0,0.0,0.0,0.0,103.0,4.0,49.0,4.0,3.0,0.0,0.0,0.0,0.0
T1-H090VP,31.0,87.0,6696.0,2.0,0.0,0.0,0.0,4.0,0.0,7145.0,1029.0,0.0,0.0,0.0,0.0,1162.0,19.0,661.0,30.0,3.0,21.0,0.0,0.0,0.0
T1-H094AM,19.0,1534.0,5676.0,0.0,0.0,0.0,0.0,0.0,0.0,9845.0,657.0,0.0,0.0,0.0,0.0,2444.0,30.0,260.0,57.0,4.0,24.0,0.0,0.0,0.0
T2-H094AM,0.0,395.0,1841.0,0.0,0.0,0.0,0.0,0.0,0.0,5467.0,289.0,0.0,0.0,0.0,0.0,1275.0,19.0,93.0,2.0,0.0,0.0,0.0,0.0,0.0
T2-H097DL,4.0,1070.0,11848.0,0.0,8.0,0.0,0.0,0.0,0.0,14294.0,2100.0,0.0,0.0,0.0,0.0,5845.0,4.0,26.0,86.0,0.0,16.0,6.0,0.0,0.0
T2-H098YS,4.0,1693.0,8431.0,0.0,2.0,0.0,0.0,0.0,0.0,9749.0,1311.0,0.0,0.0,0.0,0.0,2579.0,8.0,178.0,15.0,7.0,7.0,8.0,0.0,0.0
T1-H101SV,5.0,1447.0,4318.0,0.0,0.0,0.0,0.0,0.0,0.0,8056.0,580.0,0.0,0.0,0.0,0.0,1179.0,0.0,184.0,44.0,0.0,0.0,0.0,0.0,0.0
T2-H101SV,11.0,2766.0,3006.0,0.0,0.0,0.0,0.0,0.0,0.0,6918.0,614.0,0.0,0.0,0.0,0.0,2048.0,11.0,423.0,99.0,0.0,0.0,2.0,0.0,0.0
T1-H102MH,0.0,483.0,7077.0,0.0,0.0,0.0,0.0,0.0,0.0,19575.0,254.0,0.0,0.0,0.0,0.0,846.0,0.0,0.0,0.0,9.0,0.0,0.0,0.0,0.0
T2-H102MH,17.0,3113.0,15746.0,0.0,15.0,8.0,0.0,315.0,0.0,24744.0,265.0,0.0,0.0,0.0,0.0,4023.0,0.0,7.0,49.0,10.0,8.0,567.0,0.0,0.0
T2-H103MH,4.0,686.0,7670.0,0.0,0.0,0.0,0.0,0.0,0.0,12880.0,459.0,0.0,0.0,0.0,0.0,332.0,0.0,510.0,82.0,0.0,12.0,0.0,0.0,0.0
T1-H105RM,0.0,615.0,3917.0,0.0,0.0,0.0,0.0,0.0,0.0,6436.0,379.0,0.0,0.0,0.0,0.0,456.0,0.0,3.0,0.0,5.0,0.0,5.0,0.0,0.0
T2-H106AP,17.0,590.0,6045.0,0.0,10.0,0.0,0.0,0.0,0.0,8824.0,1846.0,5.0,0.0,0.0,0.0,3922.0,4.0,431.0,110.0,0.0,7.0,18.0,0.0,0.0
T1-H107LT,6.0,596.0,3757.0,0.0,0.0,0.0,0.0,0.0,0.0,11891.0,929.0,0.0,0.0,0.0,0.0,193.0,0.0,180.0,3.0,2.0,0.0,5.0,0.0,0.0
T1-H108IY,8.0,338.0,1476.0,0.0,0.0,0.0,0.0,0.0,0.0,2714.0,333.0,0.0,0.0,0.0,0.0,884.0,0.0,31.0,29.0,0.0,0.0,0.0,0.0,0.0
T2-H110SA,52.0,3223.0,8224.0,2.0,20.0,18.0,0.0,30.0,0.0,28033.0,1655.0,2.0,0.0,0.0,0.0,7784.0,0.0,0.0,30.0,0.0,44.0,2251.0,0.0,0.0
T1-H111MA,0.0,609.0,5127.0,0.0,0.0,0.0,0.0,0.0,0.0,10657.0,137.0,0.0,0.0,0.0,0.0,83.0,0.0,17.0,8.0,4.0,0.0,0.0,0.0,0.0
T2-H111MA,22.0,1288.0,9701.0,0.0,0.0,12.0,0.0,9.0,0.0,11480.0,404.0,0.0,134.0,0.0,0.0,960.0,0.0,9.0,12.0,0.0,6.0,193.0,0.0,0.0
T1-H112OA,2.0,689.0,2336.0,0.0,0.0,0.0,0.0,0.0,0.0,7141.0,827.0,0.0,0.0,0.0,0.0,999.0,4.0,81.0,46.0,7.0,2.0,9.0,0.0,0.0
T1-H113MG,0.0,987.0,7872.0,0.0,0.0,0.0,0.0,0.0,0.0,12178.0,942.0,0.0,0.0,0.0,0.0,411.0,0.0,24.0,10.0,5.0,0.0,3.0,0.0,0.0
T2-H114YA,0.0,691.0,11448.0,0.0,0.0,0.0,0.0,0.0,0.0,13199.0,2310.0,0.0,0.0,0.0,0.0,4140.0,0.0,9.0,0.0,14.0,0.0,11.0,0.0,0.0
T1-H115MF,8.0,1451.0,6220.0,0.0,0.0,0.0,0.0,0.0,0.0,12366.0,600.0,0.0,0.0,0.0,0.0,2182.0,4.0,127.0,44.0,3.0,0.0,29.0,0.0,0.0
T2-H115MF,2.0,1780.0,18312.0,0.0,0.0,0.0,0.0,13.0,0.0,18804.0,422.0,0.0,0.0,0.0,0.0,538.0,0.0,206.0,91.0,6.0,0.0,54.0,0.0,0.0
T2-H118RK,0.0,976.0,6859.0,0.0,0.0,0.0,0.0,0.0,0.0,6669.0,840.0,0.0,0.0,0.0,0.0,289.0,6.0,34.0,4.0,11.0,0.0,21.0,0.0,0.0
T1-H120TB,0.0,422.0,2874.0,0.0,0.0,0.0,0.0,0.0,0.0,7721.0,593.0,3.0,0.0,0.0,0.0,2883.0,10.0,306.0,74.0,0.0,3.0,0.0,0.0,0.0
T1-H121TB,3.0,516.0,2813.0,0.0,0.0,0.0,0.0,0.0,0.0,7831.0,680.0,0.0,0.0,0.0,0.0,3675.0,12.0,310.0,87.0,0.0,2.0,0.0,0.0,0.0
T2-H121TB,5.0,988.0,8848.0,0.0,6.0,6.0,0.0,0.0,0.0,17488.0,620.0,7.0,0.0,0.0,0.0,2234.0,0.0,49.0,7.0,11.0,0.0,7.0,0.0,0.0
T1-H122BY,0.0,148.0,565.0,0.0,0.0,0.0,0.0,0.0,0.0,2472.0,243.0,0.0,0.0,0.0,0.0,816.0,23.0,106.0,13.0,0.0,16.0,18.0,0.0,0.0
T1-H125BE,0.0,125.0,681.0,0.0,0.0,0.0,0.0,0.0,0.0,3180.0,89.0,0.0,0.0,0.0,0.0,236.0,0.0,0.0,35.0,3.0,0.0,0.0,0.0,0.0
T2-H125BE,24.0,464.0,8758.0,0.0,27.0,21.0,0.0,4.0,0.0,4716.0,74.0,0.0,0.0,0.0,0.0,357.0,0.0,3.0,0.0,3.0,23.0,123.0,0.0,0.0
T1-H126RA,0.0,149.0,1099.0,0.0,0.0,0.0,0.0,0.0,0.0,2308.0,199.0,0.0,0.0,0.0,0.0,380.0,33.0,66.0,5.0,0.0,0.0,0.0,0.0,0.0
T1-H127OA,9.0,928.0,3254.0,2.0,0.0,0.0,0.0,0.0,0.0,6875.0,872.0,0.0,0.0,0.0,0.0,2724.0,6.0,127.0,27.0,3.0,14.0,0.0,0.0,0.0
T2-H128SS,31.0,3295.0,18563.0,0.0,0.0,0.0,0.0,0.0,0.0,23393.0,3496.0,0.0,0.0,0.0,0.0,553.0,0.0,561.0,23.0,2.0,14.0,0.0,0.0,0.0
T2-H130LP,33.0,447.0,6671.0,0.0,11.0,4.0,0.0,36.0,0.0,6505.0,881.0,0.0,0.0,0.0,0.0,1065.0,3.0,2629.0,1539.0,0.0,113.0,14.0,0.0,0.0
T1-H131HP,0.0,74.0,822.0,0.0,0.0,0.0,0.0,0.0,0.0,1020.0,60.0,0.0,0.0,0.0,0.0,596.0,7.0,29.0,0.0,0.0,0.0,20.0,0.0,0.0
T1-H132DL,0.0,127.0,424.0,0.0,0.0,0.0,0.0,0.0,0.0,823.0,118.0,0.0,0.0,0.0,0.0,936.0,17.0,0.0,0.0,0.0,0.0,6.0,0.0,0.0
T1-H134BT,0.0,623.0,9015.0,0.0,0.0,0.0,0.0,0.0,0.0,7263.0,773.0,0.0,0.0,0.0,0.0,2306.0,23.0,114.0,7.0,18.0,15.0,0.0,0.0,0.0
T1-H135HG,0.0,318.0,12996.0,0.0,0.0,2.0,0.0,0.0,0.0,14766.0,1393.0,0.0,0.0,0.0,0.0,8413.0,40.0,32.0,5.0,11.0,2.0,0.0,0.0,0.0
T1-H137TP,11.0,896.0,18671.0,0.0,0.0,0.0,0.0,0.0,0.0,10763.0,963.0,0.0,0.0,3.0,0.0,585.0,16.0,320.0,43.0,70.0,76.0,0.0,0.0,0.0
T1-H140DD,13.0,1278.0,7278.0,0.0,0.0,0.0,0.0,7.0,0.0,11533.0,1429.0,0.0,0.0,0.0,0.0,1516.0,4.0,1677.0,583.0,0.0,19.0,34.0,0.0,0.0
T1-H141AL,0.0,2897.0,4118.0,0.0,0.0,0.0,0.0,0.0,0.0,10557.0,1308.0,0.0,0.0,0.0,0.0,103.0,0.0,0.0,5.0,0.0,0.0,7.0,0.0,0.0
T2-H142DB,18.0,962.0,3661.0,0.0,0.0,0.0,0.0,4.0,0.0,8461.0,789.0,0.0,0.0,0.0,0.0,4638.0,36.0,73.0,42.0,2.0,10.0,9.0,0.0,0.0
T1-H143SK,10.0,3149.0,13600.0,0.0,0.0,0.0,0.0,40.0,0.0,12445.0,1064.0,0.0,0.0,0.0,0.0,699.0,0.0,6.0,0.0,12.0,0.0,84.0,0.0,0.0
T2-H143SK,0.0,904.0,13826.0,0.0,0.0,0.0,0.0,0.0,0.0,45372.0,718.0,0.0,0.0,0.0,0.0,332.0,0.0,2.0,0.0,2.0,0.0,7.0,0.0,0.0
T1-H146AH,90.0,3217.0,24569.0,21.0,8.0,13.0,0.0,26.0,0.0,35490.0,4605.0,0.0,0.0,0.0,0.0,6558.0,671.0,3088.0,1849.0,9.0,147.0,2373.0,0.0,0.0
T1-H149LZ,35.0,2795.0,8339.0,0.0,25.0,17.0,0.0,706.0,0.0,16647.0,490.0,0.0,0.0,0.0,0.0,3166.0,7.0,42.0,51.0,2.0,5.0,879.0,0.0,0.0
T1-H151ME,40.0,4330.0,7114.0,0.0,3.0,0.0,0.0,171.0,0.0,17426.0,2325.0,2.0,0.0,0.0,0.0,3237.0,20.0,332.0,75.0,0.0,21.0,339.0,0.0,0.0
T2-H152NS,11.0,1876.0,6557.0,0.0,0.0,0.0,0.0,0.0,0.0,56963.0,1586.0,0.0,0.0,0.0,0.0,2783.0,8.0,97.0,80.0,0.0,4.0,5.0,0.0,0.0
T1-H154IM,0.0,648.0,2004.0,0.0,0.0,0.0,0.0,0.0,0.0,7987.0,955.0,0.0,0.0,0.0,0.0,2938.0,0.0,131.0,54.0,3.0,3.0,0.0,0.0,0.0
T1-H156LB,27.0,2948.0,6083.0,0.0,8.0,2.0,0.0,20.0,0.0,12177.0,776.0,0.0,0.0,0.0,0.0,3411.0,42.0,53.0,54.0,0.0,22.0,1283.0,0.0,0.0
T1-H157CY,3.0,303.0,3905.0,0.0,0.0,0.0,0.0,0.0,0.0,7009.0,362.0,0.0,0.0,0.0,0.0,311.0,0.0,19.0,4.0,6.0,0.0,0.0,0.0,0.0
T1-H160SK,36.0,2044.0,8327.0,0.0,7.0,16.0,0.0,89.0,0.0,6557.0,36.0,0.0,0.0,0.0,0.0,611.0,0.0,2.0,0.0,0.0,16.0,686.0,0.0,0.0
T2-H161NE,2.0,895.0,2490.0,0.0,0.0,0.0,0.0,14.0,0.0,28063.0,2031.0,0.0,0.0,0.0,0.0,11011.0,5.0,51.0,8.0,0.0,0.0,35.0,0.0,0.0
T1-H162ML,0.0,2684.0,10500.0,0.0,0.0,3.0,0.0,0.0,0.0,10504.0,957.0,2.0,0.0,0.0,0.0,1870.0,7.0,176.0,14.0,26.0,0.0,6.0,0.0,0.0
T1-H163YM,4.0,1445.0,3011.0,0.0,0.0,0.0,0.0,0.0,0.0,10894.0,731.0,2.0,0.0,0.0,0.0,5773.0,8.0,264.0,18.0,0.0,2.0,0.0,0.0,0.0
T1-H164RG,18.0,1610.0,17918.0,0.0,4.0,0.0,0.0,0.0,0.0,12029.0,2311.0,0.0,0.0,0.0,0.0,4652.0,988.0,1989.0,322.0,0.0,169.0,32.0,0.0,0.0
T1-H165YB,58.0,5234.0,9848.0,0.0,0.0,0.0,0.0,0.0,0.0,15908.0,2723.0,0.0,0.0,0.0,0.0,3528.0,27.0,47.0,81.0,0.0,0.0,32.0,0.0,0.0
T1-H166SE,36.0,1534.0,9875.0,0.0,24.0,18.0,0.0,38.0,0.0,14881.0,344.0,0.0,0.0,0.0,0.0,2850.0,5.0,13.0,21.0,0.0,43.0,2104.0,0.0,0.0
T1-H168MB,0.0,836.0,9140.0,0.0,0.0,0.0,0.0,0.0,0.0,15521.0,958.0,0.0,0.0,0.0,0.0,197.0,6.0,363.0,31.0,0.0,0.0,0.0,0.0,0.0
T2-H169EA,27.0,1786.0,8460.0,4.0,0.0,0.0,0.0,0.0,0.0,20248.0,1066.0,0.0,0.0,0.0,0.0,2106.0,18.0,706.0,149.0,6.0,93.0,4.0,0.0,0.0
T1-H170SH,18.0,1501.0,5428.0,0.0,26.0,8.0,0.0,5.0,0.0,10934.0,229.0,0.0,0.0,0.0,0.0,574.0,12.0,221.0,22.0,5.0,110.0,236.0,0.0,0.0
T1-H173SV,27.0,1051.0,11542.0,0.0,184.0,0.0,0.0,3.0,0.0,5673.0,732.0,0.0,0.0,0.0,0.0,792.0,2.0,50.0,0.0,0.0,59.0,19.0,0.0,0.0
T1-H175PO,61.0,1786.0,6299.0,0.0,15.0,0.0,0.0,33.0,0.0,21554.0,692.0,0.0,0.0,0.0,0.0,2767.0,3.0,512.0,162.0,0.0,71.0,1520.0,0.0,0.0
T1-H176EL,14.0,1476.0,8489.0,0.0,10.0,4.0,0.0,0.0,0.0,10742.0,712.0,0.0,0.0,0.0,0.0,3316.0,15.0,385.0,69.0,0.0,15.0,22.0,0.0,0.0
T1-H178VG,13.0,484.0,3662.0,0.0,0.0,0.0,0.0,0.0,0.0,6072.0,289.0,0.0,0.0,0.0,0.0,1922.0,0.0,162.0,33.0,3.0,0.0,8.0,0.0,0.0
T1-H179HH,4.0,612.0,3635.0,0.0,0.0,0.0,0.0,0.0,0.0,7218.0,641.0,0.0,0.0,0.0,0.0,1332.0,19.0,46.0,63.0,0.0,3.0,7.0,0.0,0.0
T2-H180HL,12.0,1805.0,8403.0,0.0,6.0,9.0,0.0,127.0,0.0,18753.0,1361.0,0.0,0.0,0.0,0.0,2490.0,2.0,1311.0,240.0,0.0,25.0,341.0,0.0,0.0
T1-H181EY,0.0,702.0,12280.0,0.0,0.0,2.0,0.0,6.0,0.0,17973.0,2372.0,0.0,0.0,0.0,0.0,1388.0,0.0,13.0,0.0,3.0,7.0,35.0,0.0,0.0
T2-H181EY,8.0,2519.0,18224.0,0.0,2.0,0.0,0.0,24.0,0.0,35528.0,2410.0,0.0,0.0,0.0,0.0,4203.0,90.0,492.0,592.0,6.0,52.0,48.0,0.0,0.0
T1-H182RP,7.0,1737.0,5595.0,0.0,4.0,7.0,0.0,62.0,0.0,10338.0,739.0,0.0,0.0,0.0,0.0,2016.0,0.0,75.0,53.0,0.0,26.0,437.0,0.0,0.0
T1-H184SA,51.0,492.0,9109.0,0.0,62.0,36.0,0.0,4.0,0.0,6563.0,285.0,0.0,0.0,0.0,0.0,1858.0,16.0,21.0,15.0,4.0,59.0,106.0,0.0,0.0
T1-H186MV,0.0,277.0,4415.0,0.0,0.0,0.0,0.0,0.0,0.0,6328.0,29.0,0.0,0.0,0.0,0.0,18.0,0.0,0.0,0.0,0.0,0.0,0.0,0.0,0.0
T1-H187SA,19.0,1130.0,8648.0,0.0,31.0,20.0,0.0,0.0,0.0,9292.0,564.0,0.0,0.0,0.0,0.0,637.0,4.0,286.0,38.0,0.0,31.0,71.0,0.0,0.0
T1-H188BD,10.0,2541.0,6332.0,0.0,2.0,5.0,0.0,12.0,0.0,12777.0,7.0,0.0,57.0,0.0,0.0,1267.0,0.0,2.0,6.0,0.0,7.0,472.0,0.0,0.0
T1-H189SH,61.0,1489.0,7014.0,0.0,34.0,26.0,0.0,58.0,0.0,13579.0,37.0,0.0,0.0,0.0,0.0,1790.0,0.0,11.0,18.0,0.0,31.0,3956.0,0.0,0.0
T1-H191IY,0.0,1720.0,6471.0,0.0,0.0,0.0,0.0,0.0,0.0,7990.0,2613.0,0.0,0.0,0.0,0.0,7747.0,15.0,100.0,6.0,2.0,5.0,7.0,0.0,0.0
T2-H191IY,21.0,1005.0,11870.0,0.0,0.0,0.0,0.0,0.0,0.0,22545.0,3220.0,0.0,0.0,0.0,0.0,1721.0,22.0,2089.0,574.0,0.0,32.0,0.0,0.0,0.0
T1-H192KB,30.0,349.0,6405.0,0.0,48.0,12.0,0.0,0.0,0.0,3617.0,56.0,0.0,0.0,0.0,0.0,135.0,0.0,22.0,2.0,0.0,35.0,126.0,0.0,0.0
T1-H194MK,73.0,153.0,11701.0,0.0,111.0,52.0,0.0,0.0,0.0,5609.0,134.0,0.0,0.0,0.0,0.0,325.0,0.0,77.0,94.0,0.0,33.0,231.0,0.0,0.0
T1-H195SB,16.0,3484.0,7814.0,0.0,19.0,12.0,0.0,3.0,0.0,14797.0,407.0,0.0,0.0,0.0,0.0,4443.0,0.0,21.0,26.0,0.0,7.0,80.0,0.0,0.0
T1-H196AS,11.0,868.0,3532.0,0.0,0.0,0.0,0.0,4.0,0.0,5863.0,454.0,0.0,0.0,0.0,0.0,245.0,23.0,456.0,17.0,4.0,48.0,3.0,0.0,0.0
T1-H197MG,46.0,706.0,10417.0,0.0,37.0,16.0,0.0,0.0,0.0,6965.0,1607.0,0.0,0.0,4.0,0.0,2666.0,8.0,2615.0,388.0,0.0,17.0,83.0,0.0,0.0
T2-H197MG,15.0,74.0,4287.0,5.0,0.0,0.0,0.0,0.0,0.0,1790.0,382.0,0.0,0.0,2.0,0.0,203.0,6.0,1459.0,386.0,0.0,14.0,0.0,0.0,0.0
T1-H198OA,3.0,2080.0,13270.0,0.0,0.0,0.0,0.0,0.0,0.0,18865.0,947.0,0.0,0.0,0.0,0.0,660.0,6.0,242.0,44.0,10.0,25.0,4.0,0.0,0.0
T1-H199MS,23.0,409.0,9442.0,0.0,16.0,6.0,0.0,6.0,0.0,7007.0,509.0,0.0,5.0,0.0,0.0,1540.0,2.0,478.0,142.0,2.0,30.0,178.0,0.0,0.0
T1-H200AR,29.0,1767.0,16409.0,0.0,0.0,31.0,0.0,2.0,0.0,15597.0,433.0,0.0,215.0,0.0,0.0,1294.0,0.0,34.0,13.0,6.0,7.0,424.0,0.0,0.0
T1-H201EK,14.0,2375.0,15952.0,0.0,0.0,0.0,0.0,0.0,0.0,18599.0,1284.0,0.0,0.0,0.0,0.0,495.0,152.0,115.0,6.0,18.0,14.0,0.0,0.0,0.0
T1-H202YM,28.0,4701.0,3901.0,0.0,4.0,0.0,0.0,1059.0,0.0,20502.0,997.0,0.0,2.0,0.0,0.0,981.0,0.0,10.0,51.0,0.0,23.0,3855.0,0.0,0.0
T1-H203AM,35.0,4852.0,5156.0,0.0,0.0,0.0,0.0,1341.0,0.0,24244.0,1063.0,0.0,0.0,0.0,0.0,1353.0,0.0,0.0,45.0,0.0,37.0,4905.0,0.0,0.0
T1-H205SB,0.0,1786.0,14714.0,0.0,2.0,38.0,0.0,18.0,0.0,13690.0,24.0,0.0,256.0,0.0,0.0,1537.0,0.0,0.0,5.0,3.0,7.0,435.0,0.0,0.0
T1-H206ZD,2.0,2608.0,7381.0,0.0,0.0,0.0,0.0,576.0,0.0,13592.0,1198.0,0.0,0.0,0.0,0.0,1082.0,29.0,17.0,22.0,0.0,41.0,1752.0,0.0,0.0
T2-H209LA,6.0,787.0,18469.0,0.0,0.0,0.0,0.0,2.0,0.0,32520.0,1187.0,0.0,0.0,0.0,0.0,1080.0,2.0,152.0,62.0,37.0,0.0,5.0,0.0,0.0
T2-H211ND,3.0,2331.0,9365.0,0.0,0.0,0.0,0.0,0.0,0.0,37769.0,874.0,0.0,0.0,0.0,0.0,2260.0,2.0,27.0,8.0,12.0,0.0,6.0,0.0,3.0
T2-H212LM,2.0,931.0,4957.0,0.0,0.0,0.0,0.0,0.0,0.0,10988.0,652.0,0.0,0.0,0.0,0.0,3389.0,5.0,7.0,38.0,0.0,0.0,8.0,0.0,0.0
T1-H215AK,9.0,2672.0,15867.0,0.0,0.0,0.0,0.0,0.0,0.0,36368.0,1640.0,0.0,0.0,0.0,0.0,2680.0,22.0,193.0,55.0,16.0,13.0,14.0,0.0,0.0
T2-H215AK,0.0,2192.0,9069.0,0.0,0.0,0.0,0.0,0.0,0.0,31126.0,1501.0,0.0,0.0,0.0,0.0,856.0,4.0,50.0,6.0,60.0,0.0,13.0,0.0,0.0
T2-H216SL,0.0,309.0,5740.0,0.0,0.0,0.0,0.0,0.0,0.0,8429.0,427.0,0.0,0.0,0.0,0.0,1373.0,0.0,13.0,4.0,5.0,0.0,11.0,0.0,0.0
T2-H219HM,0.0,1154.0,10442.0,0.0,0.0,0.0,0.0,3.0,0.0,37541.0,961.0,0.0,0.0,0.0,0.0,1735.0,0.0,243.0,96.0,15.0,14.0,10.0,0.0,0.0
T1-H220SY,16.0,4645.0,13190.0,0.0,0.0,0.0,0.0,0.0,0.0,21963.0,1575.0,7.0,0.0,0.0,0.0,5730.0,381.0,100.0,52.0,0.0,0.0,4.0,0.0,0.0
T2-H221HL,15.0,42.0,680.0,0.0,0.0,0.0,0.0,0.0,0.0,837.0,360.0,0.0,0.0,0.0,0.0,631.0,27.0,49.0,5.0,0.0,6.0,0.0,0.0,0.0
T1-H223NM,0.0,2331.0,15871.0,0.0,0.0,0.0,0.0,0.0,0.0,31055.0,1079.0,0.0,0.0,0.0,0.0,1864.0,0.0,199.0,83.0,4.0,9.0,13.0,0.0,0.0
T1-H224TA,13.0,1509.0,1912.0,0.0,0.0,0.0,0.0,0.0,0.0,12775.0,1275.0,2.0,0.0,0.0,0.0,2844.0,50.0,209.0,34.0,0.0,0.0,0.0,0.0,0.0
T2-H225YS,0.0,986.0,8123.0,0.0,0.0,0.0,0.0,0.0,0.0,20192.0,598.0,0.0,0.0,0.0,0.0,2429.0,0.0,84.0,0.0,0.0,2.0,17.0,0.0,0.0
T1-H226SL,33.0,2163.0,13849.0,0.0,0.0,0.0,0.0,0.0,0.0,30208.0,2790.0,0.0,0.0,0.0,2.0,7510.0,188.0,696.0,126.0,12.0,7.0,20.0,0.0,0.0
T2-H226SL,6.0,830.0,2870.0,0.0,0.0,0.0,0.0,0.0,0.0,13013.0,1285.0,0.0,0.0,0.0,0.0,5408.0,18.0,414.0,34.0,0.0,3.0,3.0,0.0,0.0
T2-H227SZ,0.0,1641.0,15349.0,0.0,0.0,0.0,0.0,0.0,0.0,35591.0,2938.0,0.0,0.0,0.0,0.0,963.0,0.0,11.0,0.0,55.0,5.0,4.0,0.0,0.0
T2-H229HF,3.0,1271.0,10248.0,0.0,0.0,0.0,0.0,0.0,0.0,31225.0,1491.0,0.0,0.0,0.0,0.0,1713.0,115.0,22.0,3.0,36.0,25.0,7.0,0.0,0.0
T1-H230SA,9.0,1283.0,10268.0,0.0,0.0,0.0,0.0,0.0,0.0,24693.0,3635.0,0.0,0.0,0.0,0.0,5054.0,23.0,650.0,625.0,2.0,13.0,8.0,0.0,0.0
T2-H230SA,10.0,932.0,9070.0,0.0,0.0,0.0,0.0,0.0,0.0,28505.0,1947.0,3.0,0.0,0.0,0.0,2619.0,106.0,91.0,25.0,5.0,4.0,10.0,0.0,0.0
T1-H231OF,3.0,1903.0,10484.0,0.0,0.0,0.0,0.0,0.0,0.0,34380.0,3232.0,0.0,0.0,0.0,0.0,7867.0,26.0,147.0,18.0,0.0,0.0,6.0,0.0,0.0
T1-H232AK,21.0,997.0,6325.0,0.0,12.0,6.0,3.0,17.0,0.0,11419.0,1868.0,0.0,0.0,0.0,0.0,3723.0,56.0,599.0,147.0,16.0,21.0,154.0,0.0,0.0
T2-H232AK,12.0,706.0,18823.0,0.0,0.0,0.0,4.0,0.0,0.0,35918.0,2078.0,0.0,0.0,0.0,0.0,9221.0,155.0,190.0,6.0,13.0,12.0,4.0,0.0,0.0
T1-H235LL,60.0,1831.0,6443.0,9.0,0.0,0.0,0.0,0.0,0.0,21601.0,2703.0,0.0,0.0,0.0,0.0,6706.0,25.0,2473.0,279.0,0.0,34.0,5.0,0.0,0.0
T1-H236HL,83.0,911.0,13422.0,10.0,0.0,0.0,0.0,0.0,0.0,40986.0,3307.0,0.0,0.0,0.0,0.0,3369.0,26.0,3458.0,4605.0,0.0,297.0,10.0,0.0,0.0
T1-H237LT,3.0,1700.0,17487.0,0.0,0.0,0.0,0.0,0.0,0.0,27704.0,1551.0,0.0,0.0,0.0,0.0,2300.0,90.0,510.0,374.0,7.0,17.0,15.0,0.0,0.0
T1-H238GS,8.0,1057.0,9211.0,0.0,0.0,0.0,0.0,2.0,0.0,22253.0,1794.0,0.0,0.0,0.0,0.0,2992.0,41.0,1041.0,701.0,0.0,14.0,8.0,0.0,0.0
T2-H238GS,3.0,848.0,8094.0,0.0,0.0,0.0,0.0,0.0,0.0,22852.0,2003.0,0.0,0.0,0.0,0.0,14176.0,16.0,252.0,299.0,24.0,5.0,8.0,0.0,0.0
T2-H239IH,24.0,1406.0,6732.0,0.0,0.0,3.0,0.0,0.0,0.0,17071.0,1148.0,0.0,0.0,0.0,0.0,2251.0,9.0,401.0,175.0,0.0,88.0,24.0,0.0,0.0
T1-H240OC,132.0,1343.0,15200.0,2.0,0.0,0.0,0.0,0.0,0.0,39426.0,3810.0,0.0,0.0,0.0,0.0,6154.0,24.0,4410.0,1369.0,3.0,114.0,13.0,0.0,0.0
T1-H241SC,0.0,1665.0,8113.0,0.0,0.0,0.0,0.0,0.0,0.0,36650.0,1735.0,0.0,0.0,0.0,0.0,3066.0,0.0,267.0,164.0,0.0,5.0,7.0,0.0,0.0
T1-H242OM,4.0,2466.0,12732.0,0.0,0.0,0.0,0.0,0.0,0.0,22763.0,409.0,0.0,0.0,0.0,0.0,2365.0,4.0,151.0,47.0,8.0,5.0,11.0,0.0,0.0
T2-H242OM,0.0,926.0,5706.0,0.0,0.0,0.0,0.0,0.0,0.0,18652.0,1063.0,0.0,0.0,0.0,0.0,1717.0,4.0,450.0,321.0,3.0,18.0,0.0,0.0,0.0
T2-H243IF,24.0,1278.0,8044.0,0.0,0.0,0.0,0.0,0.0,0.0,15687.0,1986.0,2.0,0.0,0.0,0.0,1886.0,66.0,1077.0,623.0,0.0,49.0,18.0,0.0,0.0
T1-H245SB,2.0,2792.0,15971.0,0.0,0.0,0.0,0.0,0.0,0.0,21128.0,2137.0,0.0,0.0,0.0,0.0,3565.0,62.0,172.0,43.0,20.0,14.0,0.0,0.0,0.0
T2-H245SB,8.0,368.0,6010.0,0.0,0.0,0.0,0.0,0.0,0.0,9143.0,1577.0,0.0,0.0,0.0,0.0,2830.0,23.0,461.0,147.0,2.0,13.0,0.0,0.0,0.0
T1-H246IT,0.0,4346.0,26850.0,0.0,0.0,0.0,0.0,0.0,0.0,37221.0,790.0,0.0,0.0,0.0,0.0,1038.0,2.0,53.0,7.0,0.0,0.0,11.0,0.0,0.0
T2-H246IT,0.0,876.0,6649.0,0.0,0.0,0.0,0.0,0.0,0.0,9048.0,130.0,0.0,0.0,0.0,0.0,329.0,0.0,170.0,3.0,12.0,0.0,0.0,0.0,0.0
T1-H247HB,27.0,635.0,4340.0,0.0,10.0,0.0,0.0,12.0,0.0,6164.0,623.0,0.0,0.0,0.0,0.0,1893.0,23.0,629.0,127.0,4.0,35.0,143.0,0.0,0.0
T1-H248VL,7.0,675.0,3386.0,0.0,0.0,0.0,0.0,0.0,0.0,7810.0,2189.0,0.0,0.0,0.0,0.0,5845.0,55.0,610.0,223.0,0.0,10.0,7.0,0.0,0.0
T2-H249CR,0.0,1001.0,4412.0,0.0,0.0,0.0,0.0,0.0,0.0,8538.0,603.0,0.0,0.0,0.0,0.0,281.0,16.0,227.0,100.0,3.0,26.0,10.0,0.0,0.0
T2-H250SG,17.0,1200.0,9753.0,0.0,0.0,0.0,0.0,0.0,0.0,20018.0,1498.0,0.0,0.0,0.0,0.0,1598.0,5.0,82.0,5.0,0.0,14.0,8.0,0.0,0.0
T2-H251MC,11.0,1692.0,4768.0,0.0,0.0,0.0,0.0,0.0,0.0,11787.0,559.0,0.0,0.0,0.0,0.0,2276.0,4.0,156.0,82.0,0.0,8.0,0.0,0.0,0.0
T2-H252SC,22.0,3259.0,17593.0,0.0,0.0,0.0,0.0,0.0,0.0,17883.0,2477.0,0.0,0.0,0.0,0.0,15893.0,147.0,433.0,91.0,0.0,18.0,0.0,0.0,0.0
T1-H253RY,39.0,771.0,6322.0,8.0,0.0,0.0,0.0,0.0,0.0,16966.0,1022.0,0.0,0.0,0.0,0.0,1397.0,3.0,774.0,256.0,2.0,36.0,11.0,0.0,0.0
T1-H254YR,3.0,753.0,18792.0,0.0,0.0,0.0,0.0,0.0,0.0,39303.0,1299.0,0.0,0.0,0.0,0.0,2709.0,9.0,138.0,56.0,8.0,2.0,6.0,0.0,0.0
T2-H254YR,0.0,351.0,9946.0,0.0,0.0,0.0,0.0,0.0,0.0,7804.0,110.0,0.0,0.0,0.0,0.0,121.0,0.0,0.0,0.0,30.0,3.0,0.0,0.0,0.0
T1-H255CH,3.0,381.0,13129.0,0.0,0.0,0.0,0.0,0.0,0.0,12366.0,1098.0,0.0,0.0,0.0,0.0,1990.0,36.0,790.0,117.0,0.0,19.0,3.0,0.0,0.0
T2-H256AL,19.0,508.0,6105.0,2.0,0.0,0.0,0.0,0.0,0.0,6878.0,1720.0,3.0,0.0,0.0,0.0,7796.0,86.0,3718.0,415.0,4.0,62.0,0.0,0.0,0.0
T1-H257SZ,0.0,1439.0,7707.0,0.0,0.0,0.0,0.0,0.0,0.0,32940.0,680.0,0.0,0.0,0.0,0.0,1235.0,5.0,120.0,41.0,0.0,10.0,8.0,0.0,0.0
T2-H257SZ,0.0,832.0,7371.0,0.0,0.0,0.0,0.0,0.0,0.0,16552.0,1015.0,0.0,0.0,0.0,0.0,1092.0,0.0,26.0,12.0,8.0,0.0,0.0,0.0,0.0
T1-H258NS,2.0,1689.0,18152.0,0.0,0.0,0.0,0.0,0.0,0.0,36916.0,1643.0,0.0,0.0,0.0,0.0,1010.0,65.0,329.0,48.0,31.0,32.0,12.0,0.0,0.0
T2-H258NS,8.0,718.0,7487.0,0.0,0.0,0.0,0.0,0.0,0.0,13214.0,1034.0,0.0,0.0,0.0,0.0,1420.0,0.0,217.0,19.0,21.0,6.0,0.0,0.0,0.0
T1-H259OS,17.0,1550.0,15201.0,3.0,0.0,0.0,0.0,0.0,0.0,30485.0,4106.0,0.0,0.0,0.0,0.0,6650.0,0.0,1739.0,1387.0,0.0,241.0,4.0,0.0,0.0
T1-H260HB,0.0,861.0,3635.0,0.0,0.0,0.0,0.0,0.0,0.0,10614.0,560.0,5.0,0.0,0.0,0.0,1620.0,11.0,94.0,34.0,0.0,3.0,0.0,0.0,0.0
T1-H262GC,20.0,978.0,14900.0,0.0,0.0,0.0,0.0,0.0,0.0,25086.0,3579.0,0.0,0.0,0.0,0.0,3154.0,0.0,3881.0,2131.0,3.0,38.0,5.0,0.0,0.0
T1-H263SZ,18.0,2575.0,33295.0,0.0,0.0,0.0,0.0,2.0,0.0,97596.0,4361.0,0.0,0.0,0.0,0.0,16318.0,56.0,172.0,82.0,36.0,3.0,29.0,0.0,0.0
T1-H264AD,17.0,1197.0,12184.0,0.0,0.0,0.0,0.0,0.0,0.0,27297.0,1742.0,0.0,0.0,0.0,0.0,4476.0,9.0,740.0,211.0,15.0,46.0,6.0,0.0,0.0
T2-H264AD,4.0,1129.0,12994.0,0.0,0.0,0.0,0.0,0.0,0.0,17638.0,912.0,0.0,0.0,0.0,0.0,3121.0,6.0,105.0,17.0,20.0,5.0,0.0,0.0,0.0
T2-H265SS,10.0,482.0,2575.0,0.0,0.0,9.0,0.0,0.0,0.0,10392.0,547.0,0.0,0.0,0.0,0.0,1701.0,0.0,16.0,38.0,0.0,6.0,7.0,0.0,0.0
T1-H266YS,45.0,2404.0,15477.0,8.0,0.0,0.0,0.0,0.0,0.0,32069.0,5796.0,5.0,0.0,0.0,0.0,13048.0,569.0,3029.0,2850.0,11.0,135.0,19.0,0.0,0.0
T2-H266YS,20.0,625.0,5724.0,5.0,0.0,0.0,0.0,0.0,0.0,10672.0,2180.0,30.0,0.0,0.0,0.0,10890.0,51.0,145.0,117.0,0.0,0.0,0.0,0.0,0.0
T1-H267KB,0.0,829.0,14461.0,0.0,0.0,0.0,0.0,0.0,0.0,24770.0,1236.0,2.0,0.0,0.0,0.0,2125.0,125.0,74.0,5.0,28.0,2.0,15.0,0.0,0.0
T1-H268YS,100.0,2362.0,7269.0,0.0,0.0,0.0,0.0,0.0,0.0,19301.0,1014.0,0.0,0.0,0.0,0.0,3891.0,56.0,19.0,15.0,0.0,0.0,15.0,0.0,0.0
T2-H268YS,0.0,399.0,212.0,0.0,0.0,0.0,0.0,0.0,0.0,1788.0,44.0,0.0,0.0,0.0,0.0,138.0,0.0,5.0,5.0,0.0,0.0,9.0,0.0,0.0
T1-H269VS,13.0,735.0,15104.0,0.0,0.0,0.0,0.0,0.0,0.0,22110.0,2508.0,0.0,0.0,0.0,0.0,4569.0,67.0,818.0,352.0,14.0,54.0,11.0,0.0,0.0
T2-H269VS,10.0,550.0,4352.0,0.0,0.0,0.0,0.0,0.0,0.0,14366.0,1349.0,0.0,0.0,0.0,0.0,1085.0,48.0,228.0,56.0,2.0,6.0,0.0,0.0,0.0
T1-H270IC,4.0,1089.0,5379.0,0.0,2.0,0.0,0.0,0.0,0.0,11703.0,1327.0,0.0,0.0,0.0,0.0,22312.0,468.0,28.0,4.0,7.0,7.0,8.0,0.0,0.0
T2-H270IC,15.0,2388.0,3907.0,0.0,0.0,0.0,0.0,2.0,0.0,14666.0,1382.0,7.0,0.0,0.0,0.0,12143.0,19.0,261.0,87.0,0.0,6.0,5.0,5.0,0.0
T1-H271ES,0.0,2065.0,12870.0,0.0,0.0,0.0,0.0,2.0,0.0,18475.0,2480.0,0.0,0.0,0.0,0.0,3635.0,0.0,47.0,20.0,0.0,8.0,9.0,0.0,0.0
T2-H271ES,2.0,1116.0,15893.0,0.0,0.0,0.0,0.0,0.0,0.0,19340.0,980.0,0.0,0.0,0.0,0.0,535.0,2.0,27.0,0.0,11.0,6.0,0.0,0.0,0.0
T1-H272EC,7.0,1128.0,7795.0,0.0,0.0,0.0,0.0,0.0,0.0,22129.0,1733.0,0.0,0.0,0.0,0.0,4587.0,972.0,562.0,222.0,19.0,27.0,7.0,0.0,0.0
T2-H272EC,4.0,1192.0,9271.0,0.0,0.0,0.0,0.0,0.0,0.0,19475.0,3064.0,0.0,0.0,0.0,0.0,388.0,8.0,224.0,98.0,14.0,16.0,0.0,0.0,0.0
T1-H273YM,7.0,321.0,3527.0,0.0,0.0,0.0,0.0,0.0,0.0,4422.0,515.0,0.0,0.0,0.0,0.0,2011.0,197.0,22.0,10.0,0.0,0.0,12.0,0.0,0.0
T2-H273YM,3.0,735.0,7317.0,0.0,0.0,0.0,0.0,0.0,0.0,13122.0,1076.0,0.0,0.0,0.0,0.0,5534.0,46.0,28.0,0.0,0.0,0.0,0.0,0.0,0.0
T1-H274MB,0.0,3272.0,1235.0,0.0,0.0,0.0,0.0,1041.0,0.0,10896.0,0.0,0.0,0.0,0.0,0.0,221.0,0.0,0.0,30.0,0.0,10.0,576.0,0.0,0.0
T1-H275NS,19.0,1409.0,5930.0,0.0,0.0,0.0,0.0,0.0,0.0,11063.0,1272.0,0.0,0.0,0.0,0.0,1903.0,10.0,885.0,368.0,0.0,18.0,3.0,0.0,0.0
T2-H275NS,2.0,583.0,7240.0,0.0,0.0,0.0,0.0,0.0,0.0,6899.0,579.0,0.0,0.0,0.0,0.0,869.0,6.0,76.0,6.0,6.0,0.0,0.0,0.0,0.0
T1-H276MO,2.0,1164.0,6672.0,0.0,0.0,0.0,0.0,0.0,0.0,15186.0,1002.0,0.0,0.0,0.0,0.0,208.0,8.0,204.0,249.0,5.0,17.0,0.0,0.0,0.0
T2-H276MO,0.0,634.0,9671.0,0.0,0.0,0.0,0.0,0.0,0.0,18941.0,989.0,0.0,0.0,0.0,0.0,244.0,11.0,267.0,98.0,0.0,17.0,0.0,0.0,0.0
T1-H277SH,23.0,1066.0,2891.0,0.0,0.0,0.0,0.0,15.0,0.0,9666.0,964.0,0.0,0.0,0.0,0.0,6636.0,27.0,142.0,67.0,0.0,0.0,15.0,0.0,0.0
T1-H278ML,176.0,509.0,5428.0,0.0,0.0,0.0,0.0,0.0,0.0,4635.0,1394.0,0.0,0.0,0.0,0.0,7602.0,114.0,36.0,10.0,20.0,14.0,0.0,0.0,0.0
T2-H278ML,272.0,699.0,9055.0,0.0,0.0,0.0,0.0,0.0,0.0,10151.0,3171.0,0.0,0.0,0.0,0.0,16023.0,193.0,82.0,20.0,32.0,13.0,0.0,0.0,0.0
T1-H279NE,0.0,871.0,12430.0,0.0,0.0,0.0,0.0,0.0,0.0,14258.0,830.0,0.0,0.0,0.0,0.0,1019.0,0.0,15.0,6.0,0.0,0.0,0.0,0.0,0.0
T2-H279NE,0.0,324.0,11706.0,0.0,0.0,0.0,0.0,0.0,0.0,19038.0,296.0,0.0,0.0,0.0,0.0,1243.0,0.0,49.0,7.0,7.0,0.0,0.0,0.0,0.0
T1-H280RA,3.0,618.0,4353.0,0.0,0.0,0.0,0.0,6.0,0.0,6681.0,251.0,0.0,0.0,0.0,0.0,744.0,3.0,70.0,15.0,0.0,6.0,0.0,0.0,0.0
T1-H281MG,60.0,671.0,3243.0,0.0,0.0,0.0,0.0,0.0,0.0,3379.0,2057.0,3.0,0.0,0.0,0.0,4581.0,58.0,533.0,685.0,0.0,86.0,11.0,0.0,0.0
T1-H282SL,3.0,1191.0,4779.0,0.0,0.0,0.0,0.0,0.0,0.0,11197.0,757.0,0.0,0.0,0.0,0.0,370.0,6.0,163.0,14.0,8.0,3.0,0.0,0.0,0.0
T1-H283AR,5.0,1391.0,4002.0,0.0,0.0,0.0,0.0,2.0,0.0,9899.0,456.0,0.0,0.0,0.0,0.0,1486.0,0.0,544.0,240.0,0.0,5.0,0.0,0.0,0.0
T1-H284OS,0.0,935.0,4332.0,0.0,0.0,0.0,0.0,0.0,0.0,11361.0,611.0,0.0,0.0,0.0,0.0,1831.0,4.0,118.0,40.0,11.0,11.0,0.0,0.0,0.0
T2-H284OS,5.0,1139.0,4193.0,0.0,0.0,0.0,3.0,0.0,0.0,17802.0,749.0,0.0,0.0,0.0,0.0,2592.0,96.0,1016.0,28.0,3.0,8.0,7.0,0.0,0.0
T1-H285CM,3.0,971.0,5015.0,0.0,0.0,0.0,0.0,0.0,0.0,14939.0,768.0,3.0,0.0,0.0,0.0,904.0,2.0,51.0,23.0,4.0,5.0,0.0,0.0,0.0
T2-H285CM,0.0,668.0,3920.0,0.0,0.0,0.0,0.0,0.0,0.0,9830.0,1964.0,3.0,0.0,0.0,0.0,1757.0,8.0,7.0,3.0,4.0,5.0,0.0,0.0,0.0
T1-H286AA,6.0,710.0,3425.0,0.0,3.0,0.0,0.0,8.0,0.0,6202.0,1303.0,0.0,0.0,0.0,0.0,971.0,8.0,209.0,46.0,4.0,12.0,7.0,0.0,0.0
T2-H286AA,0.0,674.0,3951.0,0.0,0.0,0.0,0.0,0.0,0.0,8670.0,1565.0,0.0,0.0,0.0,0.0,1219.0,28.0,229.0,10.0,6.0,15.0,0.0,0.0,0.0
T1-H287LK,7.0,783.0,7795.0,0.0,0.0,0.0,0.0,0.0,0.0,10296.0,962.0,0.0,0.0,0.0,0.0,607.0,21.0,211.0,46.0,4.0,2.0,0.0,0.0,0.0
T2-H287LK,2.0,826.0,7015.0,0.0,0.0,0.0,0.0,3.0,0.0,13335.0,739.0,0.0,0.0,0.0,0.0,2547.0,7.0,28.0,8.0,38.0,4.0,3.0,0.0,0.0
T1-R001CS,3.0,4380.0,4228.0,0.0,0.0,0.0,0.0,0.0,0.0,13907.0,2850.0,0.0,0.0,0.0,0.0,8219.0,4.0,1401.0,435.0,0.0,58.0,3.0,0.0,0.0
T2-R001CS,23.0,2371.0,13091.0,0.0,0.0,0.0,0.0,0.0,0.0,10238.0,3619.0,0.0,0.0,0.0,0.0,1034.0,0.0,2226.0,2376.0,0.0,36.0,248.0,0.0,0.0
T1-R003AS,12.0,2148.0,5819.0,0.0,33.0,6.0,0.0,6.0,0.0,8748.0,388.0,0.0,0.0,0.0,0.0,2466.0,4.0,5.0,6.0,0.0,14.0,26.0,0.0,0.0
T2-R005MB,6.0,666.0,7308.0,0.0,24.0,5.0,0.0,3.0,0.0,10230.0,534.0,0.0,0.0,0.0,0.0,1291.0,10.0,531.0,54.0,0.0,31.0,26.0,0.0,0.0
T1-R006AD,0.0,2074.0,4791.0,0.0,8.0,0.0,0.0,0.0,0.0,10067.0,339.0,0.0,0.0,0.0,0.0,669.0,0.0,5.0,2.0,2.0,0.0,21.0,0.0,0.0
T1-R007NG,0.0,1558.0,15019.0,0.0,0.0,0.0,0.0,0.0,0.0,10274.0,477.0,0.0,0.0,0.0,0.0,356.0,0.0,39.0,13.0,0.0,0.0,4.0,0.0,0.0
T1-R008TG,2.0,1705.0,9849.0,0.0,6.0,15.0,0.0,0.0,0.0,9427.0,417.0,0.0,0.0,0.0,0.0,985.0,0.0,19.0,7.0,5.0,24.0,20.0,0.0,0.0
T1-R009HS,2.0,2301.0,15596.0,0.0,0.0,0.0,0.0,0.0,0.0,7809.0,1506.0,0.0,0.0,0.0,0.0,1845.0,276.0,47.0,0.0,8.0,13.0,2.0,0.0,0.0
T2-R009HS,0.0,749.0,2150.0,0.0,0.0,0.0,0.0,2.0,0.0,4281.0,786.0,0.0,0.0,0.0,0.0,714.0,65.0,15.0,0.0,3.0,4.0,0.0,0.0,0.0
T1-R010DG,14.0,6818.0,3934.0,0.0,22.0,0.0,0.0,84.0,0.0,11184.0,78.0,0.0,0.0,0.0,0.0,1476.0,2.0,91.0,27.0,0.0,5.0,123.0,0.0,0.0
T1-R011MS,0.0,1586.0,7846.0,0.0,0.0,0.0,0.0,0.0,0.0,13026.0,710.0,2.0,0.0,0.0,0.0,1689.0,13.0,89.0,41.0,0.0,0.0,12.0,0.0,0.0
T1-R012FS,15.0,663.0,7341.0,0.0,0.0,2.0,0.0,0.0,0.0,14304.0,1518.0,0.0,0.0,0.0,0.0,984.0,14.0,760.0,61.0,0.0,12.0,26.0,0.0,0.0
T1-R013GO,13.0,4148.0,3731.0,0.0,0.0,0.0,0.0,1324.0,0.0,17552.0,1138.0,0.0,0.0,0.0,0.0,1040.0,0.0,33.0,35.0,0.0,37.0,3955.0,0.0,0.0
T1-R014SL,23.0,1342.0,10046.0,0.0,21.0,14.0,0.0,31.0,0.0,13013.0,13.0,0.0,2.0,2.0,0.0,1996.0,0.0,4.0,22.0,0.0,37.0,2697.0,0.0,0.0
T1-R015NK,65.0,3631.0,10306.0,0.0,18.0,17.0,0.0,1251.0,0.0,20418.0,32.0,0.0,3.0,0.0,0.0,2392.0,2.0,2.0,21.0,0.0,12.0,1415.0,0.0,0.0
T1-R016SM,68.0,3362.0,13344.0,0.0,14.0,8.0,0.0,42.0,0.0,23535.0,1168.0,0.0,0.0,0.0,0.0,4722.0,0.0,94.0,141.0,0.0,39.0,2097.0,0.0,0.0
T1-R017SM,59.0,3663.0,21189.0,0.0,6.0,18.0,0.0,199.0,0.0,37486.0,3601.0,0.0,0.0,0.0,0.0,6134.0,7.0,144.0,161.0,0.0,74.0,2501.0,0.0,0.0
T1-R018SK,16.0,2657.0,5190.0,0.0,0.0,0.0,0.0,0.0,0.0,15428.0,2094.0,0.0,0.0,0.0,0.0,5724.0,118.0,284.0,136.0,0.0,12.0,9.0,0.0,0.0
T1-R022HY,47.0,683.0,6999.0,0.0,38.0,23.0,0.0,0.0,0.0,5213.0,713.0,0.0,0.0,0.0,0.0,3842.0,30.0,197.0,78.0,0.0,37.0,58.0,0.0,0.0
T1-R023PM,8.0,654.0,4933.0,0.0,67.0,0.0,0.0,0.0,0.0,3748.0,270.0,0.0,0.0,0.0,0.0,2028.0,0.0,124.0,19.0,0.0,14.0,812.0,0.0,0.0
T1-R025EM,77.0,229.0,15378.0,0.0,125.0,53.0,0.0,4.0,0.0,6161.0,42.0,0.0,0.0,0.0,0.0,513.0,10.0,6.0,0.0,0.0,56.0,242.0,0.0,0.0
T1-R026SG,33.0,1211.0,5650.0,0.0,0.0,0.0,0.0,0.0,0.0,8952.0,1496.0,0.0,0.0,0.0,0.0,3469.0,66.0,778.0,222.0,3.0,57.0,9.0,0.0,0.0
T1-R027NS,2.0,2098.0,11296.0,0.0,0.0,0.0,0.0,11.0,0.0,17040.0,776.0,0.0,0.0,0.0,0.0,1749.0,26.0,113.0,10.0,6.0,0.0,46.0,0.0,0.0
T1-R030AB,16.0,537.0,7610.0,0.0,73.0,46.0,0.0,0.0,0.0,5757.0,42.0,0.0,0.0,0.0,0.0,528.0,0.0,27.0,9.0,0.0,40.0,108.0,0.0,0.0
T2-R030AB,3.0,2608.0,2788.0,0.0,0.0,0.0,0.0,0.0,0.0,25856.0,1099.0,0.0,0.0,0.0,0.0,1933.0,13.0,217.0,70.0,0.0,0.0,7.0,0.0,0.0
T1-R031BA,117.0,232.0,15495.0,0.0,119.0,37.0,0.0,3.0,0.0,8593.0,132.0,0.0,0.0,0.0,0.0,777.0,2.0,4.0,2.0,10.0,59.0,171.0,0.0,0.0
T2-R031BA,2.0,3858.0,14741.0,0.0,0.0,0.0,0.0,2.0,0.0,28081.0,2361.0,0.0,0.0,0.0,0.0,3477.0,9.0,281.0,130.0,6.0,10.0,4.0,0.0,0.0
T1-R033DL,16.0,2158.0,6158.0,0.0,3.0,9.0,0.0,12.0,0.0,12157.0,851.0,0.0,37.0,0.0,0.0,2629.0,4.0,252.0,69.0,2.0,23.0,444.0,0.0,0.0
T2-R033DL,23.0,792.0,3864.0,0.0,0.0,0.0,0.0,0.0,0.0,7119.0,944.0,0.0,0.0,0.0,0.0,567.0,0.0,582.0,246.0,2.0,15.0,4.0,0.0,0.0
T1-R034CD,2.0,1093.0,4191.0,0.0,4.0,5.0,0.0,3.0,0.0,7564.0,661.0,0.0,0.0,0.0,0.0,3443.0,4.0,42.0,3.0,0.0,0.0,7.0,0.0,0.0
T1-R035LK,19.0,604.0,8921.0,0.0,14.0,10.0,0.0,0.0,0.0,6356.0,1195.0,0.0,0.0,0.0,0.0,841.0,6.0,669.0,105.0,0.0,6.0,111.0,0.0,0.0
T1-R036DS,3.0,3851.0,4557.0,0.0,4.0,0.0,0.0,1171.0,0.0,16513.0,1168.0,0.0,0.0,0.0,0.0,930.0,0.0,6.0,14.0,0.0,34.0,3605.0,0.0,0.0
T1-R037RB,11.0,3043.0,13585.0,0.0,0.0,0.0,0.0,0.0,0.0,8278.0,1541.0,0.0,0.0,0.0,0.0,1540.0,8.0,198.0,36.0,0.0,7.0,12.0,0.0,0.0
T1-R038ZS,5.0,563.0,5226.0,0.0,21.0,2.0,0.0,2.0,0.0,6269.0,605.0,0.0,0.0,0.0,0.0,565.0,0.0,164.0,81.0,0.0,14.0,41.0,0.0,0.0
T1-R040SD,88.0,3477.0,7353.0,0.0,10.0,16.0,0.0,25.0,0.0,24174.0,404.0,0.0,0.0,0.0,0.0,6619.0,5.0,78.0,72.0,2.0,48.0,2679.0,0.0,0.0
T1-R041OP,20.0,1322.0,4697.0,0.0,35.0,0.0,0.0,0.0,0.0,5609.0,265.0,0.0,0.0,0.0,0.0,597.0,4.0,47.0,16.0,0.0,6.0,49.0,0.0,0.0
T2-R041OP,6.0,2348.0,9028.0,0.0,0.0,0.0,0.0,0.0,0.0,29080.0,368.0,0.0,0.0,0.0,0.0,1147.0,8.0,379.0,117.0,2.0,19.0,7.0,0.0,0.0
T1-R042TV,3.0,1365.0,5485.0,0.0,2.0,6.0,0.0,2.0,0.0,10148.0,1601.0,0.0,0.0,0.0,0.0,941.0,6.0,104.0,22.0,0.0,0.0,36.0,0.0,0.0
T1-R043OK,7.0,1177.0,6190.0,0.0,0.0,0.0,0.0,2.0,0.0,14757.0,37.0,0.0,4.0,0.0,0.0,2486.0,0.0,0.0,0.0,0.0,3.0,200.0,0.0,0.0
T1-R044EG,8.0,3741.0,7967.0,0.0,4.0,9.0,0.0,4.0,0.0,10896.0,361.0,0.0,0.0,0.0,0.0,529.0,5.0,83.0,60.0,0.0,6.0,16.0,0.0,0.0
T1-R045MM,0.0,3826.0,7157.0,0.0,0.0,0.0,0.0,0.0,0.0,15906.0,1388.0,0.0,0.0,0.0,0.0,1347.0,0.0,219.0,17.0,4.0,0.0,0.0,0.0,0.0
T1-R046SY,4.0,719.0,6274.0,0.0,0.0,21.0,0.0,4.0,0.0,5826.0,18.0,0.0,68.0,0.0,0.0,791.0,0.0,0.0,0.0,0.0,6.0,250.0,0.0,0.0
T1-R047NK,21.0,1372.0,7579.0,0.0,9.0,6.0,0.0,366.0,0.0,9000.0,163.0,0.0,0.0,0.0,0.0,903.0,0.0,91.0,32.0,2.0,13.0,433.0,0.0,0.0
T2-R047NK,0.0,1549.0,11006.0,0.0,0.0,0.0,0.0,0.0,0.0,37234.0,512.0,0.0,0.0,0.0,0.0,1411.0,0.0,242.0,168.0,0.0,11.0,12.0,0.0,0.0
T1-R048DS,33.0,816.0,11574.0,0.0,171.0,0.0,0.0,35.0,0.0,7721.0,196.0,0.0,0.0,0.0,0.0,1892.0,0.0,122.0,27.0,0.0,56.0,18.0,0.0,0.0
T1-R049DG,0.0,1037.0,6875.0,2.0,0.0,0.0,0.0,0.0,0.0,6304.0,419.0,0.0,0.0,0.0,0.0,905.0,0.0,198.0,53.0,0.0,2.0,48.0,0.0,0.0
T1-R050BL,0.0,921.0,7003.0,0.0,14.0,0.0,0.0,3.0,0.0,8536.0,1130.0,0.0,0.0,0.0,0.0,3350.0,0.0,22.0,37.0,0.0,17.0,8.0,0.0,0.0
T1-R053TS,20.0,3371.0,3641.0,0.0,0.0,0.0,0.0,1155.0,0.0,15358.0,1088.0,0.0,0.0,0.0,0.0,922.0,4.0,60.0,31.0,0.0,42.0,3260.0,0.0,0.0
T1-R054MS,6.0,3873.0,7942.0,0.0,0.0,0.0,0.0,0.0,0.0,24353.0,597.0,0.0,0.0,0.0,0.0,351.0,0.0,261.0,37.0,4.0,8.0,4.0,0.0,0.0
T2-R054MS,21.0,2029.0,7868.0,3.0,0.0,0.0,0.0,0.0,0.0,36303.0,835.0,0.0,0.0,0.0,0.0,180.0,18.0,786.0,201.0,0.0,36.0,0.0,0.0,0.0
T1-R055KV,21.0,2090.0,14172.0,0.0,0.0,0.0,0.0,0.0,0.0,11746.0,684.0,0.0,0.0,0.0,0.0,297.0,17.0,356.0,84.0,20.0,14.0,0.0,0.0,0.0
T1-R056NB,11.0,3349.0,6178.0,0.0,0.0,0.0,0.0,127.0,0.0,25397.0,923.0,0.0,0.0,0.0,0.0,864.0,12.0,884.0,150.0,0.0,40.0,467.0,0.0,0.0
T1-R057SS,21.0,1561.0,2492.0,0.0,0.0,0.0,0.0,0.0,0.0,20072.0,1242.0,0.0,0.0,0.0,0.0,2610.0,48.0,161.0,91.0,8.0,0.0,6.0,0.0,0.0
T1-R058PN,5.0,1175.0,16805.0,0.0,0.0,0.0,0.0,0.0,0.0,19337.0,750.0,0.0,0.0,0.0,0.0,1768.0,3.0,403.0,37.0,21.0,6.0,3.0,0.0,0.0
T1-R061SM,2.0,1030.0,15628.0,2.0,0.0,0.0,0.0,7.0,0.0,31921.0,732.0,0.0,0.0,0.0,0.0,1614.0,44.0,1364.0,201.0,0.0,12.0,25.0,0.0,0.0
T2-R061SM,26.0,881.0,8313.0,0.0,0.0,0.0,0.0,0.0,0.0,13876.0,1989.0,0.0,0.0,0.0,0.0,816.0,36.0,760.0,183.0,5.0,28.0,0.0,0.0,0.0
