SampleID,Unassigned,Bacteria,Bacteria;Actinobacteria;Actinobacteria;Bifidobacteriales;Bifidobacteriaceae;Bifidobacterium,Bacteria;Bacteroidetes;Bacteroidia;Bacteroidales;Bacteroidaceae;Bacteroides,Bacteria;Bacteroidetes;Bacteroidia;Bacteroidales;Bacteroidaceae;Bacteroides;,Bacteria;Bacteroidetes;Bacteroidia;Bacteroidales;Bacteroidaceae;Bacteroides;uniformis,Bacteria;Bacteroidetes;Bacteroidia;Bacteroidales;Porphyromonadaceae;Parabacteroides;,Bacteria;Bacteroidetes;Bacteroidia;Bacteroidales;Prevotellaceae;Prevotella;copri,Bacteria;Bacteroidetes;Bacteroidia;Bacteroidales;Rikenellaceae;Alistipes;onderdonkii,Bacteria;Bacteroidetes;Bacteroidia;Bacteroidales;Rikenellaceae;Alistipes;putredinis,Bacteria;Bacteroidetes;Bacteroidia;Bacteroidales;S24-7;;,Bacteria;Firmicutes;Clostridia;Clostridiales,Bacteria;Firmicutes;Clostridia;Clostridiales;Lachnospiraceae,Bacteria;Firmicutes;Clostridia;Clostridiales;Lachnospiraceae;Blautia;,Bacteria;Firmicutes;Clostridia;Clostridiales;Lachnospiraceae;Lachnospira;,Bacteria;Firmicutes;Clostridia;Clostridiales;Lachnospiraceae;Roseburia,Bacteria;Firmicutes;Clostridia;Clostridiales;Ruminococcaceae,Bacteria;Firmicutes;Clostridia;Clostridiales;Ruminococcaceae;Faecalibacterium;prausnitzii,Bacteria;Firmicutes;Clostridia;Clostridiales;Ruminococcaceae;Oscillospira;,Bacteria;Firmicutes;Clostridia;Clostridiales;Ruminococcaceae;Ruminococcus;albus,Bacteria;Proteobacteria,Bacteria;Proteobacteria;Alphaproteobacteria,Bacteria;Proteobacteria;Betaproteobacteria;Burkholderiales;Alcaligenaceae;Sutterella;
SRR25445944,23.233174586431804,29.178176544282408,0.0,0.0,0.0,0.0,0.0,0.0,0.0,0.0,0.0,0.0,0.0,0.0,0.0,0.0,0.0,0.0,0.0,0.0,47.58864886928579,0.0,0.0
SRR25445945,53.49795894391966,42.39124232745981,0.0,0.0,0.0,0.0,0.0,0.0,0.0,0.0,0.0,0.0,0.0,0.0,0.0,0.0,0.0,0.0,0.0,0.0,4.110798728620522,0.0,0.0
SRR25445948,40.44914688095179,43.47478087022544,0.0,0.0,0.0,0.0,0.0,0.0,0.0,0.0,0.0,0.0,0.0,0.0,0.0,0.0,0.010463354503762725,0.0,0.0,0.0,16.06560889431902,0.0,0.0
SRR25445949,33.54117356852044,66.08820987401494,0.0,0.0,0.0,0.0,0.0,0.0,0.0,0.0,0.0,0.0,0.0,0.0,0.0,0.0,0.0,0.0,0.0,0.0,0.37061655746461103,0.0,0.0
SRR25445950,17.65157501560507,80.8508481532486,0.0,0.0,0.0,0.0,0.0,0.0,0.0,0.0,0.0,0.0,0.0,0.0,0.0,0.0,0.0,0.17061001873819026,0.0,0.0,1.3269668124081466,0.0,0.0
SRR25445952,26.631409983060273,68.41793347479415,0.0,0.0,0.0,0.0,0.0,0.0,0.0,0.0,0.0,0.0,0.0,0.0,0.0,0.0,0.0,0.0,0.0,0.0,4.950656542145563,0.0,0.0
SRR25445953,43.47084085444945,54.42624429197445,0.0,0.0,0.0,0.0,0.0,0.0,1.6699617954869117,0.0,0.0,0.0,0.0,0.0,0.0,0.0,0.0,0.0,0.0,0.0,0.4329530580891994,0.0,0.0
SRR25445954,32.466645162373254,59.4069052446769,0.0,0.0,0.0,0.0,0.0,0.0,0.0,0.0,0.0,0.0,0.0,0.0,0.0,0.0,0.0,0.0,0.0,0.0,7.905822002191034,0.0,0.22062759075881952
SRR25445955,34.937001067225076,62.81369274421926,0.0,0.0,0.0,0.0,0.0,0.0,0.0,0.0,0.0,0.0,0.0,0.0,0.0,0.0,0.0,0.0,0.0,0.0,2.0339470853960857,0.0,0.2153591031595856
SRR25445956,36.991247413994174,63.00875258600583,0.0,0.0,0.0,0.0,0.0,0.0,0.0,0.0,0.0,0.0,0.0,0.0,0.0,0.0,0.0,0.0,0.0,0.0,0.0,0.0,0.0
SRR25445958,31.987145875913765,65.07093850528237,0.0,0.0,0.32890982073583597,0.0,0.0,0.0,0.0,0.0,0.0,0.0,0.0,0.0,0.0,0.0,0.0,0.0,0.0,0.0,2.61300579806803,0.0,0.0
SRR25445960,28.3847644152798,67.92657552721948,0.0,0.0,0.0,0.0,0.0,0.0,0.0,0.0,0.05753542550694353,0.0,0.0,0.0,0.0,0.0,0.0,0.0,0.0,0.0,3.63112463199377,0.0,0.0
SRR25445961,13.568290199408887,86.43170980059111,0.0,0.0,0.0,0.0,0.0,0.0,0.0,0.0,0.0,0.0,0.0,0.0,0.0,0.0,0.0,0.0,0.0,0.0,0.0,0.0,0.0
SRR25445962,17.47683406273162,34.95330090419248,0.0,0.0,0.0,0.0,0.0,0.0,0.0,0.0,0.0,0.0,0.0,0.0,0.0,0.0,0.0,0.0510649791624145,0.0,0.0,47.518800053913495,0.0,0.0
SRR25445963,36.41256077428688,54.08971560814636,0.0,0.0,0.0,0.0,0.0,0.0,0.0,0.0,0.0,0.0,0.0,0.0,0.0,0.0,0.0,0.0,0.0,0.0,9.49772361756676,0.0,0.0
SRR25445965,26.400584002994552,70.03058390470568,0.0,0.14484549641802874,0.0,0.0,0.0,0.0,0.0,0.0,0.0,0.0,0.0,0.0,0.14484549641802874,0.0,0.0,0.07242274820901437,0.0,0.0,3.0980842289411705,0.0,0.10863412231352156
SRR25445967,35.08807287151211,51.454958698869326,0.0,0.0,0.0,0.0,0.0,0.0,0.0,0.0,0.0,0.0,0.0,0.0,0.0,0.0,0.0,0.0,0.0,0.0,11.058696828300391,2.3982716013181573,0.0
SRR25445971,34.42946936939116,50.90573675307246,0.0,0.0,0.0,0.0,0.0,0.0,0.0,0.0,0.0,0.0,0.0,0.0,0.0,0.0,0.0,0.15015147314883673,0.0,0.0,0.0,14.514642404387551,0.0
SRR25445973,48.01696985056121,43.905150430774135,0.0,0.0,0.0,0.0,0.0,0.0,0.0,0.0,0.0,0.0,0.0,0.0,0.0,0.0,0.0,0.0,0.0,0.0,0.0,8.077879718664642,0.0
SRR25445974,48.68899750182082,43.44951940086343,0.0,0.0,0.0,0.0,0.0,0.0,0.0,0.0,0.0,0.0,0.0,0.0,0.0,0.0,0.0,0.0,0.0,0.0,7.861483097315753,0.0,0.0
SRR25445975,30.152988338073705,69.8470116619263,0.0,0.0,0.0,0.0,0.0,0.0,0.0,0.0,0.0,0.0,0.0,0.0,0.0,0.0,0.0,0.0,0.0,0.0,0.0,0.0,0.0
SRR25445976,37.69983038554541,31.805580569426706,0.0,0.0,0.0,0.0,0.0,0.0,0.0,0.0,0.0,0.0,0.004769002092221428,0.0,0.0,0.0,0.0,0.0,0.0,0.0,3.249280092166866,27.240539950768795,0.0
SRR25445978,20.780795334787015,79.21920466521298,0.0,0.0,0.0,0.0,0.0,0.0,0.0,0.0,0.0,0.0,0.0,0.0,0.0,0.0,0.0,0.0,0.0,0.0,0.0,0.0,0.0
SRR25445979,50.81417706679584,45.79704843936186,0.0,0.0,0.0,0.0,0.0,0.0,0.0,0.0,0.0,0.0,0.0,0.0,0.0,0.0,0.0,0.0,0.0,0.0,3.3887744938422846,0.0,0.0
SRR25445980,2.6349533920316675,97.36504660796834,0.0,0.0,0.0,0.0,0.0,0.0,0.0,0.0,0.0,0.0,0.0,0.0,0.0,0.0,0.0,0.0,0.0,0.0,0.0,0.0,0.0
SRR25445985,28.983228343781438,68.66227988657717,0.0,0.0,0.0,0.0,0.0,0.0,0.0,1.715518188572733,0.0,0.003596474189879944,0.0,0.0,0.0,0.0,0.0,0.0,0.0,0.0,0.63537710687879,0.0,0.0
SRR25445987,38.3580147794651,60.78725228760702,0.0,0.0,0.0,0.0,0.0,0.0,0.0,0.0,0.0,0.0,0.0,0.0,0.0,0.0,0.0,0.17094658658557552,0.0,0.0,0.5698219552852517,0.0,0.11396439105705036
SRR25445989,40.27913431822878,52.22596434339222,0.0,0.0,0.0,0.0,0.0,0.0,0.0,0.0,0.0,0.0,0.0,0.0,0.0,0.0,0.0,0.0,0.0,0.0,7.494901338378987,0.0,0.0
SRR25445990,48.633976090789,51.36260345947923,0.0,0.0,0.0,0.0,0.0,0.0,0.0,0.0,0.0,0.00342044973178324,0.0,0.0,0.0,0.0,0.0,0.0,0.0,0.0,0.0,0.0,0.0
SRR25445991,47.579097080103075,16.52260807104982,0.0,0.0,0.0,0.0,0.0,0.04118088759666356,0.0,0.0,0.0,0.0,0.0,0.0,0.0,0.0,0.0,0.0,0.0,0.0,35.85711396125044,0.0,0.0
SRR25445993,25.637330111789975,43.42067188104347,0.0,0.0,0.0,0.0,0.0,0.0,0.0,0.0,0.0,0.0,0.0,0.0,0.0,0.0,0.0,0.0,0.0,0.0,30.94199800716656,0.0,0.0
SRR25445994,10.560281489056633,87.7742810431472,0.0,0.0,0.0,0.0,0.0,0.0,0.0,0.0,0.0,0.0,0.0,0.0,0.0,0.0,0.0,0.20963548545686064,0.0,0.0,1.4558019823393098,0.0,0.0
SRR25445995,40.61046855440549,59.132331811416606,0.0,0.0,0.0,0.0,0.0,0.0,0.0,0.0,0.0,0.0,0.0,0.2571996341779015,0.0,0.0,0.0,0.0,0.0,0.0,0.0,0.0,0.0
SRR25445997,44.328785208652796,50.97596840370432,0.0,0.0,0.0,0.0,0.0,0.0,0.0,0.0,0.0,0.0,0.0,0.0,0.0,0.0,0.0,0.11770812670971016,0.0,0.0,4.5775382609331725,0.0,0.0
SRR25445998,45.12021301760006,54.86902002688493,0.0,0.0,0.0,0.0,0.0,0.0,0.0,0.0,0.0,0.0,0.0,0.0,0.0,0.0,0.01076695551501398,0.0,0.0,0.0,0.0,0.0,0.0
SRR25445999,45.161348359447175,54.40051700537558,0.0,0.0,0.0,0.0,0.0,0.0,0.0,0.0,0.0,0.0,0.0,0.0,0.0,0.0,0.0,0.0,0.0,0.0,0.4381346351772525,0.0,0.0
SRR25446000,35.59339213236951,34.44772409973202,0.0,0.0,0.0,0.0,0.0,0.0,0.0,0.0,0.0,0.0,0.0,0.0,0.0,0.0,0.0,0.13670607769701862,0.0,0.0,29.822177690201475,0.0,0.0
SRR25446002,14.677635129862002,23.842285084439638,0.0,0.0,0.0,0.0,0.0,0.0,0.0,0.0,0.0,0.0,0.0,0.0,0.0,0.0,0.0,0.0,0.0,0.0,61.48007978569835,0.0,0.0
SRR25446003,46.21931584233304,52.021957058992044,0.0,0.13301297384936367,0.0,0.0,0.0,0.0,0.0,0.0,0.0,0.0,0.0,0.0,0.0,0.0,0.0,0.0,0.0,0.0,1.6257141248255562,0.0,0.0
SRR25446004,52.00050593612745,47.63401439878162,0.0,0.0,0.0,0.0,0.0,0.0,0.0,0.0,0.0,0.0,0.0,0.0,0.0,0.0,0.0,0.0,0.0,0.0,0.3654796650909274,0.0,0.0
SRR25446006,8.64601458228433,17.578515991399758,0.0,0.0,0.0,0.0,0.0,0.0,0.0,0.0,0.0,0.0,0.0,0.0,0.0,0.0,0.0,0.04896963086045013,0.0,0.0,73.72649979545545,0.0,0.0
SRR25446008,11.62305620070945,88.07971420935324,0.0,0.0,0.17147860957921596,0.0,0.0,0.0,0.0,0.0,0.0,0.0,0.0,0.0,0.0,0.0,0.0,0.0,0.0,0.0,0.0,0.0,0.12575098035809174
SRR25446009,21.59966595864356,77.58190130295998,0.0,0.0,0.0,0.0,0.0,0.0,0.0,0.0,0.0,0.0,0.0,0.0,0.0,0.0,0.0,0.0,0.0,0.0,0.8184327383964531,0.0,0.0
SRR25446010,31.671388665432016,52.096983571601484,0.0,0.0,0.0,0.0,0.0,0.0,0.0,0.0,0.0,0.0,0.0,0.0,0.0,0.0,0.0,0.0,0.0,0.0,16.231627762966504,0.0,0.0
SRR25446011,36.600709414971064,62.143481050344086,0.0,0.0,0.0,0.0,0.0,0.0,0.0,0.0,0.0,0.0,0.00637466768875556,0.0,0.0,0.0,0.0,0.0,0.0,0.0,1.24943486699609,0.0,0.0
SRR25446012,48.75777544295187,45.62949929165871,0.0,0.0,0.0,0.0,0.0,0.0,0.0,0.0,0.0,0.0,0.0,0.0,0.0,0.0,0.006436611542877771,0.0,0.0,0.0,5.606288653846539,0.0,0.0
SRR25446013,42.57750618639296,43.79783331555789,0.0,0.0,0.0,0.0,0.0,0.0,0.0,0.0,0.0,0.0,0.0,0.0,0.0,0.0,0.0,0.11506594727786275,0.0,0.0,13.509594550771292,0.0,0.0
SRR25446015,24.952199342156778,31.89649501024645,0.0,0.0,0.0,0.0,0.0,0.0,0.0,0.0,0.0,0.0,0.0,0.0,0.0,0.0,0.0,0.0,0.0,0.0,43.15130564759677,0.0,0.0
SRR25446016,40.7099218996344,46.059989656147934,0.0,0.0,0.0,0.0,0.0,0.0,0.0,0.0,0.0,0.0,0.0,0.0,0.0,0.0,0.0,0.0,0.0,0.0,13.230088444217664,0.0,0.0
SRR25446018,29.679189441651005,70.16916058333683,0.0,0.0,0.0,0.0,0.0,0.0,0.0,0.0,0.0,0.0,0.0,0.0,0.0,0.0,0.0,0.15164997501215965,0.0,0.0,0.0,0.0,0.0
SRR25446019,44.22105886147408,54.122773252957714,0.0,0.0,0.0,0.0,0.0,0.13075009622907052,0.0,0.0,0.0,0.0,0.0,0.0,0.0,0.0,0.0,0.0,0.0,0.0,1.5254177893391567,0.0,0.0
SRR25446021,17.41422488696886,43.45361424733134,0.0,0.0,0.0,0.0,0.0,0.0,0.0,0.0,0.0,0.0,0.0,0.0,0.0,0.0,0.0,0.06748217049076417,0.0,0.0,39.06467869520903,0.0,0.0
SRR25446022,12.936158793132632,86.48896731390913,0.0,0.0,0.0,0.0,0.0,0.0,0.0,0.0,0.0,0.0,0.0,0.0,0.0,0.0,0.0,0.0,0.0,0.0,0.574873892958242,0.0,0.0
SRR25446023,48.20401298242435,50.25370836386337,0.0,0.0,0.0,0.0,0.0,0.0,0.0,0.0,0.0,0.0,0.0,0.0,0.3559104585489881,0.0,0.0,0.0,0.0,0.0,1.1863681951632936,0.0,0.0
SRR25446026,49.33202386119357,49.797020670767736,0.0,0.0,0.0,0.0,0.0,0.0,0.0,0.0,0.0,0.0,0.0,0.0,0.0,0.0,0.0,0.0,0.0,0.0,0.6857917071170777,0.0,0.18516376092161096
SRR25446028,14.659506706293064,84.07764626032848,0.0,0.0,0.0,0.0,0.0,0.0,0.0,0.0,0.0,0.0,0.0,0.0,0.0,0.0,0.0,0.0,0.0,0.0,1.2628470333784587,0.0,0.0
SRR25446030,49.142668275482066,43.47918062429421,0.0,0.0,0.0,0.0,0.0,0.0,0.0,0.0,0.0,0.0,0.0,0.0,0.0,0.0,0.0,0.0,0.0,0.0,7.3781511002237306,0.0,0.0
SRR25446031,15.413344971316977,15.473881480140667,0.0,0.018893308890177877,0.0,0.0,0.0,0.0,0.0,0.0,0.0,0.0,0.0,0.0,0.0,0.0,0.0,0.0,0.0,0.0,69.06554027631691,0.0,0.028339963335266814
SRR25446032,47.6144626650494,51.89239660889845,0.0,0.0,0.0,0.0,0.0,0.0,0.0,0.0,0.0,0.0,0.0,0.21134602545091746,0.0,0.0,0.0,0.0,0.0,0.0,0.28179470060122325,0.0,0.0
SRR25446033,28.754068784744018,37.3625776443897,0.0,0.0,0.0,0.0,0.0,0.0,0.0,0.0,0.0,0.0,0.0,0.0,0.0,0.0,0.0,0.0,0.0,0.0,33.883353570866284,0.0,0.0
SRR25446037,21.974617988702903,50.75238491241668,0.0,0.0,0.0,0.0,0.0,0.14266607026441364,0.0,0.0,0.0,0.0,0.0,0.0,0.0,0.0,0.0,0.0,0.0,0.0,27.130331028615995,0.0,0.0
SRR25446038,55.94734264798147,30.746677887088293,0.0,0.0,0.0,0.0,0.0,0.0,0.0,0.0,0.0,0.0,0.0,0.0,0.0,0.0,0.0,0.0,0.0,0.0,13.305979464930234,0.0,0.0
SRR25446040,44.743879244777645,52.789351643602586,0.0,0.0,0.09933298436052723,0.0,0.0,0.0,0.0,0.0,0.0,0.0,0.0,0.0,0.0,0.0,0.0,0.0,0.0,0.0,2.367436127259232,0.0,0.0
SRR25446041,45.541605401806876,54.44220464923769,0.0,0.0,0.0,0.0,0.0,0.0,0.0,0.0,0.0,0.0,0.0,0.0,0.0,0.0,0.0,0.0,0.01618994895544948,0.0,0.0,0.0,0.0
SRR25446042,41.63937592699274,57.038069814108525,0.0,0.0,0.0,0.0,0.0,0.2231810311891618,0.0,0.0,0.0,0.0,0.0,0.0,0.0,0.0,0.0,0.0,0.0,0.0,1.099373227709575,0.0,0.0
SRR25446043,46.0289292004606,21.893595017626613,0.0,0.0,0.0,0.0,0.0,0.0,0.0,0.0,0.0,0.0,0.0,0.0,0.0,0.0,0.0,0.0,0.0,0.0,32.07747578191278,0.0,0.0
SRR25446044,49.066667656378726,50.735621664635886,0.0,0.0,0.0,0.0,0.0,0.0,0.0,0.0,0.0,0.0,0.0,0.0,0.0,0.0,0.0,0.0,0.0,0.0,0.19771067898539202,0.0,0.0
SRR25446045,31.96546112151197,49.190137309430355,0.0,0.0,0.0,0.0,0.0,0.0,0.0,0.0,0.05619070895733785,0.0,0.008027244136762549,0.0,0.0,0.0,0.0,0.0,0.0,0.0,18.780183615963587,0.0,0.0
SRR25446046,59.82714463242499,39.18293208895196,0.0,0.0,0.0,0.0,0.0,0.0,0.0,0.0,0.0,0.0,0.0,0.0,0.0,0.0,0.0,0.0,0.0,0.0,0.9899232786230548,0.0,0.0
SRR25446047,41.227817897690805,57.00882903664651,0.0,0.0,0.0,0.0,0.0,0.0,0.0,0.0,0.0,0.0,0.0,0.0,0.0,0.0,0.007148728644578453,0.0,0.0,0.0,1.7562043370181069,0.0,0.0
SRR25446051,44.08039708811002,47.78116226027621,0.0,0.0,0.0,0.11462592467061646,0.0,0.0,0.0,0.0,0.0,0.0,0.0,0.0,0.0,0.0,0.0,0.0,0.0,0.0,8.02381472694315,0.0,0.0
SRR25446052,51.21220613710841,46.99711529078802,0.0,0.0,0.0,0.0,0.0,0.0,0.0,0.0,0.06916784184091083,0.0,0.0,0.0,0.0,0.0,0.0,0.0,0.0,0.0,1.7215107302626695,0.0,0.0
SRR25446054,40.264984444161165,52.47991850877211,0.0,0.16785571574190386,0.0,0.0,0.0,0.0,0.0,0.0,0.0,0.0,0.0,0.0,0.0,0.0,0.0,0.0,0.0,0.0,7.0872413313248295,0.0,0.0
SRR25446055,13.554245713889621,84.91673420133743,0.0,0.0,0.0,0.0,0.0,0.0,0.0,0.0,0.0,0.0,0.0,0.0,0.0,0.6552943220455542,0.0,0.0,0.0,0.0,0.8737257627274055,0.0,0.0
SRR25446056,3.880053175795445,77.55883407120845,0.0,0.0,0.1822695196693562,0.0,0.0,0.0,0.0,0.0,0.0,0.0,0.0,0.0,0.0,0.0,0.0,0.0,0.0,0.0,18.378843233326748,0.0,0.0
SRR25446058,51.29170773459163,44.37630895349134,0.0,0.0,0.0,0.0,0.0,0.0,0.0,0.0,0.0,0.0,0.0,0.0,0.0,0.0,0.0,0.0,0.0,0.0,4.331983311917034,0.0,0.0
SRR25446059,44.53069231639311,55.232002807616624,0.0,0.0,0.0,0.0,0.0,0.0,0.0,0.0,0.0,0.0,0.0,0.0,0.0,0.0,0.0,0.2373048759902718,0.0,0.0,0.0,0.0,0.0
SRR25446060,28.90532762499577,69.44129459644512,0.0,0.0,0.0,0.0,0.0,0.0,0.0,0.0,0.0,0.0,0.0,0.0,0.0,0.0,0.0,0.0,0.0,0.0,1.6533777785591113,0.0,0.0
SRR25446061,55.45184084758405,43.03243831154184,0.0,0.0,0.0,0.0,0.0,0.0,0.0,1.377928037158276,0.0,0.0,0.0,0.0,0.0,0.0,0.0,0.13779280371582764,0.0,0.0,0.0,0.0,0.0
SRR25446062,46.75773631353869,53.242263686461314,0.0,0.0,0.0,0.0,0.0,0.0,0.0,0.0,0.0,0.0,0.0,0.0,0.0,0.0,0.0,0.0,0.0,0.0,0.0,0.0,0.0
SRR25446063,16.240256574713637,83.4409661377152,0.0,0.13126123605871298,0.0,0.0,0.0,0.1875160515124471,0.0,0.0,0.0,0.0,0.0,0.0,0.0,0.0,0.0,0.0,0.0,0.0,0.0,0.0,0.0
SRR25446064,37.878009963605805,58.994767353679855,0.0,0.0,0.0,0.0,0.0,0.0,0.0,0.0,0.0,0.0,0.0,0.0,0.0,0.0,0.0,0.0,0.0,0.0,3.1272226827143426,0.0,0.0
SRR25446066,45.28636465011397,54.38055937590867,0.0,0.12490349024150689,0.0,0.0,0.0,0.0,0.0,0.0,0.0,0.0,0.0,0.0,0.0,0.0,0.0,0.0,0.0,0.0,0.2081724837358448,0.0,0.0
SRR25446068,27.268590895407446,61.08471164997156,0.0,0.0,0.0,0.0,0.0,0.0,0.0,0.0,0.0,0.0,0.0,0.0,0.0,0.0,0.0,0.0,0.0,0.0,11.646697454620998,0.0,0.0
SRR25446069,37.12163022474569,62.21075344603398,0.0,0.0,0.0,0.0,0.0,0.0,0.0,0.0,0.0,0.0,0.0,0.0,0.0,0.0,0.0,0.0,0.0,0.0,0.6676163292203424,0.0,0.0
SRR25446070,31.179274578896525,67.20631465766512,0.0,0.0,0.0,0.0,0.0,0.0,0.0,0.0,0.0902465644158086,0.0,0.0,0.0,0.0,0.0,0.0,0.0,0.0,0.0,1.5241641990225454,0.0,0.0
SRR25446071,39.77904298156148,59.69878812513265,0.0,0.0,0.0,0.0,0.0,0.0,0.0,0.0,0.0,0.0,0.0,0.0,0.19581333498970033,0.0,0.0,0.0,0.0,0.0,0.32635555831616714,0.0,0.0
SRR25446073,6.7862212899196805,85.54889168085492,0.0,0.0,0.0,0.14454332415902738,0.0,0.0,0.0,0.0,0.0,0.004090848796953605,0.0,0.0,0.0,0.0,0.0,0.0,0.0,0.0,0.36135831039756844,7.154894545871855,0.0
SRR25446074,22.078412517702752,77.73492419659222,0.0,0.0,0.0,0.0,0.0,0.0,0.0,0.0,0.0,0.0,0.0,0.0,0.0,0.0,0.0,0.18666328570503438,0.0,0.0,0.0,0.0,0.0
SRR25446077,42.71340447527416,56.996894640939075,0.0,0.0,0.0,0.0,0.0,0.0,0.0,0.0,0.0,0.0,0.0,0.0,0.0,0.0,0.0,0.0,0.0,0.0,0.2897008837867602,0.0,0.0
SRR25446079,1.1977770962283343,97.33345935811296,0.0,0.0,0.0,0.0,0.0,0.0,0.0,0.0,0.0,0.0,0.0,0.0,0.0,0.0,0.0,0.0,0.0,0.0,1.1989906495173197,0.0,0.26977289614139693
SRR25446083,33.630758948511016,54.6121046982466,0.0,0.0,0.0,0.0,0.0,0.0,0.0,0.0,0.0,0.0,0.0,0.25375114431458407,0.0,0.0,0.0,0.0,0.0,0.0,11.50338520892781,0.0,0.0
SRR25446084,57.51384083230828,42.47679666097884,0.0,0.0,0.0,0.0,0.0,0.0,0.0,0.0,0.0,0.0,0.00936250671287543,0.0,0.0,0.0,0.0,0.0,0.0,0.0,0.0,0.0,0.0
SRR25446085,10.60360520828816,11.353146135591254,0.0,0.0,0.0,0.0,0.0,0.0,0.0,0.0,0.0,0.0,0.0,0.0,0.0,0.0,0.0011158945728866909,0.0,0.0,0.0,78.04213276154769,0.0,0.0
SRR25446086,39.833551466268176,59.915381256877964,0.0,0.0,0.0,0.0,0.0,0.0,0.0,0.0,0.0,0.0,0.0,0.0,0.0,0.0,0.0,0.0,0.0,0.0,0.25106727685385893,0.0,0.0
SRR25446087,45.814794341208085,53.710037972876215,0.0,0.0,0.0,0.0,0.0,0.0,0.0,0.0,0.0,0.0,0.0,0.0,0.0,0.0,0.0,0.0,0.0,0.0,0.475167685915701,0.0,0.0
SRR25446090,6.744966373423821,90.4954096588305,0.0,0.2790630978619236,0.0,0.0,0.0,0.0,0.0,0.0,0.0,0.0,0.0,0.0,0.0,0.0,0.0,0.0,0.0,0.0,2.4805608698837656,0.0,0.0
SRR25446092,47.7573768557815,52.043347335409116,0.0,0.18535625523849827,0.0,0.0,0.0,0.0,0.0,0.0,0.0,0.007771750743752548,0.0,0.0,0.0,0.0,0.006147802827147538,0.0,0.0,0.0,0.0,0.0,0.0
SRR25446094,70.4660784480454,28.781813050521386,0.0,0.0,0.0,0.0,0.0,0.0,0.0,0.0,0.0,0.0,0.0,0.0,0.0,0.0,0.0,0.0,0.0,0.0,0.7521085014332185,0.0,0.0
SRR25446095,38.854220020602284,49.996910984571116,0.0,0.0,0.0,0.0,0.0,0.0,0.0,0.0,0.0,0.0,0.0,0.0,0.0,0.0,0.005270779059381172,0.0,0.0,0.0,11.143598215767216,0.0,0.0
SRR25446098,21.741556908655067,63.30490649083104,0.0,0.0,0.0,0.0,0.0,0.0,0.0,0.0,0.0,0.0,0.0,0.0,0.0,0.0,0.0,0.0,0.0,0.0,14.953536600513903,0.0,0.0
SRR25446099,6.691971426760455,22.68478972791428,0.0,0.0,0.0,0.0,0.0,0.0,0.0,0.0,0.0,0.0,0.0,0.0,0.0,0.0,0.0,0.0,0.0,0.0,70.54391660027248,0.0,0.07932224505278015
SRR25446100,53.32631104399185,46.36317077945354,0.0,0.0,0.0,0.19407386034663815,0.0,0.0,0.0,0.0,0.0,0.0,0.0,0.0,0.0,0.0,0.0,0.11644431620798291,0.0,0.0,0.0,0.0,0.0
SRR25446102,30.683597354427295,64.9690679769962,0.0,0.0,0.0,0.0,0.0,0.0,0.0,1.320932208547894,0.0,0.0,0.0,0.0,0.0,0.0,0.0,0.0,0.017612429447305254,0.0,3.008790030581314,0.0,0.0
SRR25446103,11.022657510665491,86.93548083404308,0.0,0.0,0.0,0.13703769498600105,0.0,0.0,0.0,0.0,0.0,0.0,0.0,0.0,0.0,0.0,0.0,0.0,0.0,0.0,1.7814900348180138,0.0,0.12333392548740096
SRR25446105,8.896885263787931,8.688208522144967,0.0,0.0,0.0,0.0,0.0,0.0,0.0,0.16213949779800438,0.0,0.0,0.0,0.0,0.0,0.0,0.0,0.0,0.0,0.0,82.2527667162691,0.0,0.0
SRR25446106,7.8458517049502285,91.43077189672103,0.0,0.0,0.0,0.0,0.0,0.0,0.0,0.0,0.0,0.0,0.0,0.0,0.0,0.0,0.0,0.0,0.0,0.0,0.7233763983287443,0.0,0.0
SRR25446107,38.663583349222506,59.593966205449554,0.0,0.0,0.0,0.0,0.0,0.0,0.0,0.0,0.0,0.0,0.0,0.0,0.0,0.0,0.00862599230360359,0.0,0.0,0.0,1.7338244530243214,0.0,0.0
SRR25446109,41.13879793791595,53.87504813369441,0.0,0.0,0.0,0.0,0.0,0.0,0.0,0.0,0.0,0.0,0.0,0.0,0.0,0.9972307856779272,0.0,0.0,0.0,0.0,3.988923142711709,0.0,0.0
SRR25446110,37.88685011491905,61.91267946895926,0.0,0.0,0.18683718844106886,0.0,0.0,0.0,0.0,0.0,0.0,0.0,0.0,0.0,0.0,0.0,0.013633227680608675,0.0,0.0,0.0,0.0,0.0,0.0
SRR25446111,35.75969833051615,60.26755304832666,0.0,0.0,0.0,0.0,0.2243040654080322,0.0,0.0,0.0,0.0,0.0,0.0,0.0,0.0,0.0,0.010043465615285024,0.0,0.0,0.0,3.7384010901338702,0.0,0.0
SRR25446114,20.177126040147737,54.97800302356469,0.0,0.0,0.0,0.0,0.0,0.0,0.0,0.0,0.0,0.0,0.0,0.0,0.0,0.0,0.0,0.0,0.0,0.0,24.84487093628757,0.0,0.0
SRR25446115,33.283098410458194,51.717201745027765,0.0,0.0,0.0,0.0,0.0,0.0,0.0,0.0,0.0,0.0,0.0,0.14071625941226207,0.0,0.0,0.00560064714078655,0.0,0.0,0.0,14.853382937960996,0.0,0.0
SRR25446116,62.66220904902089,37.14353159484549,0.0,0.0,0.0,0.0,0.0,0.0,0.0,0.0,0.0,0.0,0.0,0.0,0.0,0.0,0.0,0.0,0.0,0.0,0.1942593561336328,0.0,0.0
SRR25446117,32.59786087249502,67.07189542808715,0.0,0.0,0.0,0.0,0.0,0.0,0.0,0.0,0.0,0.0,0.0,0.0,0.0,0.0,0.0,0.0,0.0,0.0,0.3302436994178363,0.0,0.0
SRR25446118,47.51303958015748,44.24943216835416,0.15038084029086235,0.0,0.0,0.0,0.0,0.0,0.0,0.0,0.0,0.0,0.0,0.0,0.0,0.0,0.0,0.0,0.0,0.0,8.087147411197487,0.0,0.0
SRR25446120,44.81320779016418,55.05934794631065,0.0,0.11990318284320592,0.0,0.0,0.0,0.0,0.0,0.0,0.0,0.007541080681962635,0.0,0.0,0.0,0.0,0.0,0.0,0.0,0.0,0.0,0.0,0.0
SRR25446121,61.72151360636431,37.99826924703571,0.0,0.0,0.0,0.14010857329999066,0.14010857329999066,0.0,0.0,0.0,0.0,0.0,0.0,0.0,0.0,0.0,0.0,0.0,0.0,0.0,0.0,0.0,0.0
SRR25446123,40.447153825845305,59.007124257554246,0.0,0.0,0.055661117490312904,0.0,0.0,0.0,0.0,0.0,0.0,0.0,0.0036444779309133444,0.0,0.0,0.0,0.0,0.15306807309836046,0.0,0.0,0.2721210188415297,0.0,0.06122722923934419
SRR25446125,42.55146883855055,51.08939467771753,0.0,0.0,0.0,0.0,0.0,0.0,0.0,0.0,0.0,0.0,0.0,0.0,0.0,0.0,0.0,0.0,0.0,0.0,6.359136483731924,0.0,0.0
SRR25446128,45.215623705346445,54.660498712880866,0.0,0.0,0.11744997139768924,0.0,0.0,0.0,0.0,0.0,0.0,0.0,0.0,0.0,0.0,0.0,0.006427610374997918,0.0,0.0,0.0,0.0,0.0,0.0
SRR25446129,21.715059792013495,22.994650988271605,0.0,0.0,0.0,0.0,0.0,0.0,0.0,0.0,0.0,0.0,0.0,0.0,0.0,0.0,0.0,0.0,0.0,0.0,55.29028921971491,0.0,0.0
SRR25446132,51.35016683260778,46.2052277445792,0.0,0.0,0.0,0.0,0.0,0.0,0.0,0.0,0.0,0.0,0.0,0.0,0.0,0.0,0.005460771607177269,0.0,0.0,0.0,2.4391446512058472,0.0,0.0
SRR25446133,19.184299014718988,19.135134856334194,0.0,0.0,0.0,0.0,0.0,0.0,0.0,0.0,0.0,0.0020972571608423463,0.0,0.0,0.0,0.0,0.0,0.0,0.0,0.0,60.12230405844097,1.556164813345021,0.0
SRR25446134,11.788271154794288,16.943519103474262,0.0,0.0,0.0,0.0,0.0,0.0,0.0,0.0,0.0,0.0,0.0,0.0,0.0,0.0,0.0,0.0,0.0,0.0,71.26820974173145,0.0,0.0
SRR25446135,22.343152091496183,71.53391721190513,0.0,0.0,0.0,0.0,0.0,0.0,0.0,1.7402013558754128,0.0,0.0,0.0,0.0,0.0,0.0,0.0,0.0,0.0,0.0,4.3827293407232615,0.0,0.0
SRR25446136,9.254322893639877,31.341955388388186,0.0,0.0,0.05077000099347111,0.0,0.0,0.0,0.0,0.0,0.0,0.0,0.0,0.0,0.0,0.0,0.0,0.0,0.0,0.0,59.35295171697847,0.0,0.0
SRR25446137,8.734166636356699,18.04798961848403,0.0,0.04812624537135867,0.0,0.0,0.0,0.0,0.0,0.3208416358090578,0.0,0.0,0.0,0.0,0.0,0.0,0.0,0.0,0.0,0.0,72.84887586397885,0.0,0.0
SRR25446139,20.394067154843565,56.25874467879051,0.0,0.0,0.0,0.0,0.0,0.0,0.0,0.0,0.0,0.0,0.0,0.0,0.0,0.0,0.0,0.1109422880133545,0.0,0.0,20.462688678018715,2.773557200333862,0.0
SRR25446140,41.526025849217106,57.955074549466914,0.0,0.0,0.1810490820790981,0.0,0.0,0.0,0.0,0.0,0.0,0.0,0.005927202091875234,0.0,0.0,0.0,0.0,0.0,0.0,0.0,0.33192331714501316,0.0,0.0
SRR25446141,26.133986616541407,72.50211587630776,0.0,0.0,0.11482766664506637,0.0,0.0,0.0,0.0,0.0,0.0,0.0,0.0,0.0,0.0,0.0,0.0,0.126310433309573,0.0,0.0,1.1227594071962044,0.0,0.0
SRR25446143,23.015848918987523,76.25977811675178,0.0,0.0,0.12193238780850682,0.0,0.0,0.0,0.0,0.0,0.0,0.006326680499497995,0.0,0.0,0.0,0.0,0.0,0.0,0.0,0.0,0.5961138959527,0.0,0.0
SRR25446144,15.294761644238806,22.008677911560714,0.0,0.0,0.0,0.0,0.0,0.0,0.0,0.0,0.0,0.0,0.0,0.0,0.0,0.0,0.0,0.0,0.0,0.0,62.696560444200486,0.0,0.0
SRR25446145,28.892248920428887,70.34912606805355,0.0,0.0,0.0,0.0,0.0,0.0,0.0,0.0,0.0,0.0,0.0,0.0,0.0,0.0,0.0,0.0,0.0,0.0,0.7586250115175863,0.0,0.0
SRR25446146,21.249808283324068,78.44752164251894,0.3026700741569878,0.0,0.0,0.0,0.0,0.0,0.0,0.0,0.0,0.0,0.0,0.0,0.0,0.0,0.0,0.0,0.0,0.0,0.0,0.0,0.0
SRR25446147,38.68094184470136,56.10693821209826,0.0,0.0,0.0,0.0,0.0,0.0,1.1303392647904449,0.0,0.0,0.0,0.0,0.0,0.0,0.0,0.0,0.0,0.0,0.0,4.081780678409939,0.0,0.0
SRR25446149,18.727868439622714,80.04278495052111,0.0,0.0,0.33750062050100765,0.0,0.0,0.0,0.0,0.0,0.0,0.0,0.0,0.0,0.0,0.0,0.007915792804927685,0.0,0.0,0.0,0.8839301965502582,0.0,0.0
SRR25446150,12.197111207482934,87.80288879251707,0.0,0.0,0.0,0.0,0.0,0.0,0.0,0.0,0.0,0.0,0.0,0.0,0.0,0.0,0.0,0.0,0.0,0.0,0.0,0.0,0.0
SRR25446151,27.332987010750976,70.3625706892187,0.0,0.0,0.0,0.0,0.0,0.0,2.304442300030319,0.0,0.0,0.0,0.0,0.0,0.0,0.0,0.0,0.0,0.0,0.0,0.0,0.0,0.0
SRR25446152,36.82791031539875,39.8433829203382,0.0,0.0,0.0,0.0,0.0,0.0,0.0,0.0,0.0,0.0,0.0,0.0,0.0,0.0,0.0,0.0,0.0,0.0,23.32870676426305,0.0,0.0
SRR25446153,34.672914183952344,59.10131863542054,0.0,0.0,0.0,0.0,0.0,0.0,0.0,0.0,0.0,0.0,0.0,0.0,0.0,0.0,0.0,0.0,0.0,0.0,6.225767180627111,0.0,0.0
SRR25446154,24.06458467302776,74.50020684553155,0.0,0.0,0.0,0.0,0.0,0.0,0.0,0.0,0.0,0.0,0.0,0.0,0.0,0.0,0.0,0.21893010733841095,0.0,0.0,1.2162783741022831,0.0,0.0
SRR25446155,38.723818220786676,51.943540363836235,0.12620445321864024,0.0,0.0,0.0,0.0,0.0,1.514453438623683,0.0,0.0,0.0,0.0,0.0,0.0,0.0,0.007534594222008372,0.0,0.0,0.0,7.6844489293127625,0.0,0.0
SRR25446156,38.1827076719726,60.13424310170178,0.2002873087618338,0.0,0.0,0.0,0.0,0.3433496721631436,0.0,0.0,0.0,0.0,0.0,0.0,0.0,0.0,0.0,0.16022984700946707,0.0,0.0,0.9791823983911877,0.0,0.0
SRR25446157,43.64709777028682,53.94900658423444,0.0,0.0,0.0,0.0,0.0,0.0,0.0,0.0,0.0,0.0,0.0,0.0,0.0,0.0,0.00748618021083346,0.0,0.0,0.5015740741258419,1.894835391142069,0.0,0.0
SRR25446158,50.704581207855945,43.92453990628905,0.0,0.0,0.10028612027530104,0.0,0.0,0.0,0.0,0.0,0.0,0.0,0.0,0.0,0.0,0.0,0.0,0.0,0.0,0.0,5.2705927655797105,0.0,0.0
SRR25446159,48.95907876835308,50.810624289049635,0.0,0.0,0.0,0.0,0.2302969425972807,0.0,0.0,0.0,0.0,0.0,0.0,0.0,0.0,0.0,0.0,0.0,0.0,0.0,0.0,0.0,0.0
SRR25446160,9.341553288344656,34.5801104434176,0.0,0.0,0.0,0.0,0.0,0.0,0.0,0.0,0.0,0.0,0.0,0.0,0.0,0.0,0.0,0.0,0.0,0.0,56.07833626823774,0.0,0.0
SRR25446162,24.38510132707484,22.242701348653675,0.0,0.0,0.0,0.0,0.0,0.0,0.0,0.0,0.0,0.0,0.0,0.0,0.0,0.0,0.0,0.0,0.0,0.0,53.372197324271475,0.0,0.0
SRR25446163,38.63514512369679,53.20679680629555,0.0,0.0,0.0,0.0,0.0,0.0,0.0,0.0,0.0,0.0,0.0,0.0,0.0,0.0,0.0,0.2729461807809255,0.0,0.0,7.885111889226735,0.0,0.0
SRR25446167,47.09369869906373,44.00493749864402,0.0,0.0,0.0,0.0,0.0,0.0,0.0,0.7931908338676263,0.0,0.0,0.0,0.0,0.0,0.0,0.0,0.0,0.0,0.0,8.108172968424626,0.0,0.0
SRR25446169,39.42579062890077,54.47115200876439,0.0,0.0,0.0,0.0,0.0,0.32989499255863985,0.0,0.0,0.0,0.0,0.0,0.0,0.0,0.0,0.0,0.0,0.0,0.0,0.0,5.773162369776198,0.0
SRR25446171,3.2604414227666254,7.943550183786084,0.0,0.0,0.0,0.0,0.0,0.0,0.0,0.0,0.0,0.0,0.0,0.0,0.0,0.0,0.0,0.0,0.0,0.0,88.7960083934473,0.0,0.0
SRR25446173,26.31102290925824,54.27030468562174,0.0,0.07770922705472659,0.0,0.0,0.0,0.0,0.0,0.0,0.0,0.0,0.0,0.0,0.0,0.0,0.0,0.0,0.0,0.0,19.340963178065284,0.0,0.0
SRR25446175,39.69202432351883,60.30797567648117,0.0,0.0,0.0,0.0,0.0,0.0,0.0,0.0,0.0,0.0,0.0,0.0,0.0,0.0,0.0,0.0,0.0,0.0,0.0,0.0,0.0
SRR25446176,38.06113272422698,58.82776685122897,0.0,0.0,0.0,0.0,0.0,0.0,0.0,0.0,0.0,0.0,0.0,0.0,0.0,0.0,0.0,0.0,0.0,0.0,3.1111004245440683,0.0,0.0
SRR25446177,24.44888255521383,70.56934310522436,0.0,0.0,0.1344406868247563,0.0,0.0,0.0,0.0,0.0,0.0,0.0,0.0,0.0,0.0,0.0,0.0,0.0,0.0,0.0,0.41079098752008864,4.436542665216957,0.0
SRR25446180,26.66616687582127,60.26888316049222,0.0,0.0,0.0,0.13462806022254625,0.0,0.0,0.0,3.0291313550072907,0.0,0.0,0.0,0.0,0.0,0.0,0.006028122099516996,0.0,0.0,0.0,1.4135946323367357,8.481567794020414,0.0
SRR25446181,36.14282875992426,53.74997890293686,0.0,0.0,0.0,0.0,0.0,0.0,0.0,3.0321577011416654,0.0,0.0,0.0,0.0,0.0,0.0,0.0,0.0,0.0,0.0,0.4042876934855553,6.670746942511665,0.0
SRR25446182,17.686355648230016,31.178322916089655,0.0,0.0,0.0,0.0,0.0,0.0,0.0,0.0,0.0,0.0,0.0,0.0,0.0,0.2360091758569862,0.0,0.0,0.0,0.0,20.100114810486655,30.799197449336695,0.0
SRR25446183,24.400247106300966,46.320057458679,0.0,0.0,0.12616590215318763,0.0,0.0,0.0,0.0,0.0,0.0,0.0,0.0,0.0,0.0,0.0,0.009206135480497937,0.0,0.0,0.0,29.144323397386344,0.0,0.0
SRR25446184,55.43801324028086,44.56198675971914,0.0,0.0,0.0,0.0,0.0,0.0,0.0,0.0,0.0,0.0,0.0,0.0,0.0,0.0,0.0,0.0,0.0,0.0,0.0,0.0,0.0
SRR25446185,45.07094656959862,54.00041447455464,0.0,0.0,0.0,0.0,0.0,0.0,0.0,0.0,0.0,0.0,0.0,0.0,0.0,0.4398816106642507,0.0,0.0,0.0,0.0,0.4887573451825009,0.0,0.0
SRR25446187,19.88323406283177,62.44542987652855,0.0,0.0,0.0,0.0,0.0,0.0,0.0,0.0,0.0,0.0,0.0,0.0,0.0,0.0,0.0,0.0,0.0,0.0,17.67133606063969,0.0,0.0
SRR25446188,42.3898847717361,40.01653232097853,0.0,0.0,0.0,0.0,0.0,0.0,0.0,0.0,0.0,0.0,0.0,0.0,0.0,0.0,0.0,0.10598543920051438,0.0,0.0,0.0,17.48759746808487,0.0
SRR25446189,9.806403512419797,89.8402658284519,0.0,0.0,0.1333323241993609,0.0,0.0,0.0,0.0,0.0,0.0,0.0,0.0,0.0,0.0,0.0,0.0,0.0,0.0,0.0,0.0,0.0,0.21999833492894555
SRR25446191,27.93588095161995,71.509126322549,0.0,0.0,0.0,0.0,0.0,0.0,0.0,0.0,0.0,0.0,0.0,0.0,0.0,0.0,0.0,0.0,0.016164836674690628,0.0,0.5388278891563543,0.0,0.0
SRR25446193,47.00641415208921,44.60086822631786,0.0,0.0,0.0,0.0,0.0,0.0,0.0,0.0,0.0,0.0,0.0,0.0,0.0,0.0,0.0,0.0,0.0,0.0,8.392717621592933,0.0,0.0
SRR25446194,27.22075320208522,67.8576172492293,0.0,0.0,0.0,0.0,0.0,0.0,0.0,1.3610376601042609,0.0,0.0,0.0,0.0,0.0,0.0,0.006771331642309756,0.0,0.0,0.0,3.5538205569389034,0.0,0.0
SRR25446195,48.493112304914035,50.734848716110584,0.0,0.0,0.0,0.0,0.0,0.0,0.0,0.0,0.0,0.0,0.0,0.0,0.0,0.0,0.0,0.0,0.0,0.0,0.772038978975395,0.0,0.0
SRR25446196,1.0120539784620934,8.456403941508874,0.0,0.0,0.0,0.017177031036909027,0.0,0.0,0.0,0.0,0.0,0.0,0.0,0.0,0.0,0.0,0.0,0.0,0.0,0.0,90.51436504899212,0.0,0.0
SRR25446198,77.01597236680293,22.565709788153075,0.0,0.0,0.0,0.0,0.0,0.0,0.0,0.0,0.0,0.0,0.002715174243037602,0.0,0.0,0.25341626268350953,0.0,0.0,0.0,0.0,0.1013665050734038,0.0,0.060819903044042285
SRR25446199,50.84769236836155,45.27279785104217,0.12789592683284423,0.0,0.0,0.11368526829586155,0.0,0.0,1.0231674146627538,0.0,0.0,0.0,0.0,0.0,0.0,0.0,0.0,0.0,0.0,0.0,2.6147611708048153,0.0,0.0
SRR25446202,20.381537730055904,15.654629591968462,0.0,0.0,0.0,0.0,0.0,0.0,0.0,0.0,0.0,0.0,0.0,0.0,0.0,0.0,0.0,0.0,0.0,0.0,63.96383267797564,0.0,0.0
SRR25446204,57.3897142902416,42.61028570975841,0.0,0.0,0.0,0.0,0.0,0.0,0.0,0.0,0.0,0.0,0.0,0.0,0.0,0.0,0.0,0.0,0.0,0.0,0.0,0.0,0.0
SRR25446206,19.991512999561696,22.927276314843624,0.0,0.0,0.0,0.0,0.0,0.0,0.0,0.0,0.0,0.0,0.0,0.0,0.0,0.0,0.0,0.0,0.0,0.0,57.08121068559468,0.0,0.0
SRR25446207,35.02604158774588,64.97395841225412,0.0,0.0,0.0,0.0,0.0,0.0,0.0,0.0,0.0,0.0,0.0,0.0,0.0,0.0,0.0,0.0,0.0,0.0,0.0,0.0,0.0
SRR25446210,35.7008833860486,63.7740155168617,0.0,0.0,0.0,0.0,0.0,0.0,0.0,0.0,0.0,0.0,0.0,0.0,0.0,0.0,0.0,0.0,0.0,0.0,0.5251010970896958,0.0,0.0
SRR25446211,41.96663365348382,56.728166193515705,0.0,0.0,0.0,0.0,0.0,0.0,0.0,0.0,0.0,0.0,0.0,0.0,0.0,0.0,0.0,0.0,0.016281082989610875,0.0,1.2889190700108608,0.0,0.0
SRR25446213,41.115315184762146,58.17890381234423,0.0,0.0,0.0,0.0,0.0,0.0,0.0,0.0,0.0,0.0,0.0,0.0,0.0,0.0,0.0,0.0,0.0,0.7057810028936167,0.0,0.0,0.0
SRR25446214,54.97413629716763,45.025863702832375,0.0,0.0,0.0,0.0,0.0,0.0,0.0,0.0,0.0,0.0,0.0,0.0,0.0,0.0,0.0,0.0,0.0,0.0,0.0,0.0,0.0
SRR25446215,8.44157057636056,13.708207601488528,0.0,0.0,0.0,0.0,0.0,0.0,0.0,0.0,0.0,0.0,0.0,0.0,0.07358630430072553,0.0,0.0,0.0,0.0,0.1839657607518138,77.59266975709836,0.0,0.0
SRR25446216,47.37226129548437,49.66808281263894,0.0,0.0,0.0,0.0,0.0,0.0,0.0,0.0,0.0,0.0,0.0,0.0,0.0,0.0,0.0,0.0,0.0,0.0,2.9596558918766918,0.0,0.0
SRR25446218,59.20436769385572,31.76013062211612,0.0,0.0,0.0,0.0,0.0,0.0,0.0,0.0,0.0,0.0,0.006122996397579504,0.0,0.0,0.0,0.0,0.0,0.0,0.0,9.029378687630578,0.0,0.0
SRR25446219,17.914017201542038,80.87901000828315,0.0,0.0,0.0,0.0,0.0,0.0,0.0,0.0,0.0,0.0,0.0,0.0,0.0,0.0,0.0,0.0,0.0,0.0,1.206972790174818,0.0,0.0
SRR25446220,16.75374817814944,83.24625182185056,0.0,0.0,0.0,0.0,0.0,0.0,0.0,0.0,0.0,0.0,0.0,0.0,0.0,0.0,0.0,0.0,0.0,0.0,0.0,0.0,0.0
SRR25446223,20.380456549439046,79.61954345056095,0.0,0.0,0.0,0.0,0.0,0.0,0.0,0.0,0.0,0.0,0.0,0.0,0.0,0.0,0.0,0.0,0.0,0.0,0.0,0.0,0.0
SRR25446224,53.6665529417572,45.293748358167164,0.0,0.0,0.0,0.0,0.0,0.0,0.0,0.0,0.0,0.0,0.0,0.0,0.0,0.0,0.0,0.0,0.0,0.0,1.0396987000756133,0.0,0.0
SRR25446225,8.929845612947638,72.05574174568973,0.0,0.0,0.0,0.0,0.0,0.0,0.0,0.0,0.0,0.0,0.0,0.0,0.0,0.0,0.0,0.0,0.0,0.0,19.01441264136264,0.0,0.0
SRR25446227,10.73486011464323,9.888092188884606,0.0,0.0,0.0,0.0,0.0,0.0,0.0,0.0,0.0,0.0,0.0,0.0,0.0,0.0,0.0,0.0,0.0,0.0,79.37704769647216,0.0,0.0
SRR25446228,41.10154647191017,55.769093519409,0.0,0.0,0.0,0.0,0.0,0.0,0.0,0.0,0.0,0.0,0.0,0.0,0.0,0.0,0.0,0.0,0.0,0.0,0.8762208024306309,2.2531392062501947,0.0
SRR25446229,55.20849843378478,44.025373002012444,0.0,0.0,0.0,0.0,0.0,0.0,0.0,0.0,0.0,0.0,0.0,0.0,0.0,0.0,0.0,0.0,0.0,0.0,0.7661285642027872,0.0,0.0
SRR25446230,38.979374932337386,60.72501124821702,0.0,0.0,0.0,0.0,0.0,0.0,0.0,0.0,0.0,0.0,0.0,0.0,0.0,0.0,0.0,0.0,0.0,0.0,0.2956138194455908,0.0,0.0
SRR25446231,36.14148499627268,55.36457275410251,0.0,0.0,0.0,0.0,0.18046266792163163,0.0,0.0,0.0,0.0,0.006809911997042704,0.0,0.0,0.0,0.0,0.0053869453110934815,0.0,0.0,0.0,8.301282724395055,0.0,0.0
SRR25446234,40.980867836079845,58.94605770279171,0.0,0.0,0.0,0.0,0.0,0.0,0.0,0.0,0.07307446112844153,0.0,0.0,0.0,0.0,0.0,0.0,0.0,0.0,0.0,0.0,0.0,0.0
SRR25446236,49.37042356417552,46.717977064800195,0.0,0.0,0.0,0.0,0.0,0.0,0.0,0.0,0.0,0.0,0.0,0.0,0.0,0.0,0.0,0.0,0.011144157752205943,0.0,3.9004552132720804,0.0,0.0
SRR25446237,38.733619760044625,57.20326426472673,0.0,0.0,0.0,0.0,0.0,0.0,0.0,0.0,0.0,0.0,0.0,0.0,0.0,0.0,0.0,0.0,0.0,0.7170204662168194,3.346095509011824,0.0,0.0
SRR25446239,25.57972398744405,48.045697227810734,0.0,0.0,0.0,0.0,0.0,0.0,0.0,0.0,0.0,0.0,0.0,0.0,0.0,0.0,0.0,0.0,0.0,0.0,0.941949242312329,25.432629542432885,0.0
SRR25446242,30.56557464290199,67.94649382969398,0.0,0.0,0.0,0.0,0.0,0.0,0.0,0.0,0.0,0.0,0.0,0.0,0.0,0.0,0.0,0.0,0.0,0.0,1.487931527404028,0.0,0.0
SRR25446243,44.51296833180399,47.99011367493912,0.0,0.0,0.0,0.0,0.0,0.0,0.0,0.0,0.0,0.0,0.0,0.0,0.0,0.0,0.0037911089725698654,0.0,0.0,0.0,7.493126884284338,0.0,0.0
SRR25446244,64.48290080630987,34.51514738120866,0.0,0.0,0.0,0.0,0.0,0.0,0.0,0.0,0.0,0.0,0.0,0.0,0.0,0.0,0.0,0.0,0.0,0.0,1.0019518124814684,0.0,0.0
SRR26996955,15.709508131084062,83.82279230281584,0.0,0.0,0.0,0.0,0.0,0.0,0.0,0.0,0.0,0.0,0.0,0.0,0.0,0.0,0.0,0.0,0.03141265742463278,0.0,0.43628690867545517,0.0,0.0
SRR26996956,30.120954440887903,69.87904555911209,0.0,0.0,0.0,0.0,0.0,0.0,0.0,0.0,0.0,0.0,0.0,0.0,0.0,0.0,0.0,0.0,0.0,0.0,0.0,0.0,0.0
SRR26996957,48.28701211629398,50.208579476215306,0.0,0.0,0.0,0.0,0.0,0.0,0.0,0.0,0.0,0.0,0.0,0.0,0.0,0.0,0.0,0.0,0.0,0.0,1.5044084074907214,0.0,0.0
SRR26996958,27.610134885612265,70.70132380217564,0.0,0.0,0.0,0.0,0.0,0.0,0.0,0.0,0.0,0.006799495216961419,0.0,0.0,0.0,0.0,0.0,0.0,0.0,0.0,1.6817418169951244,0.0,0.0
SRR26996960,27.982243603223317,65.68222320880142,0.0,0.0,0.0,0.0,0.0,0.0,0.0,0.0,0.0,0.0,0.0,0.0,0.0,0.0,0.0,0.0,0.0,0.0,6.335533187975266,0.0,0.0
SRR26996961,47.142190722326646,52.85780927767336,0.0,0.0,0.0,0.0,0.0,0.0,0.0,0.0,0.0,0.0,0.0,0.0,0.0,0.0,0.0,0.0,0.0,0.0,0.0,0.0,0.0
SRR26996962,29.91182227894185,69.1628440280065,0.0,0.0,0.0,0.0,0.0,0.0,0.0,0.0,0.0,0.0,0.0,0.0,0.0,0.0,0.0,0.0,0.0,0.0,0.9253336930516517,0.0,0.0
